"시설별(1)","시설별(2)",시설별(3),자치구별(1),자치구별(2),2002,2003,2004,2005,2006,2007,2008,2009,2010,2011,2012,2013,2014,2015,2016,2017,2018,2019,2020,2021,2022
"계획연장 (m)","소계",소계,합계,소계,10051512,10087466,10157351,10227534,10251553,10261164,10282686,10286770,10291374,10297137,10487154,10392318,10570575,10615726,10682218,10701402,10731805,10184056,10802714,10844239,10855922
"계획연장 (m)","소계",소계,합계,종로구,-,-,-,-,393911,394186,394186,394289,395680,397326,378115,339314,339790,339025,339188,336625,363885,336625,363798,364119,364544
"계획연장 (m)","소계",소계,합계,중구,-,-,-,-,265887,265887,265887,265887,265887,266177,266402,267360,269735,268267,265276,263411,271739,263411,271597,272011,272020
"계획연장 (m)","소계",소계,합계,용산구,-,-,-,-,363619,363744,365019,365817,366573,367202,366499,349630,350414,353633,352876,351934,368427,351934,372889,373484,373123
"계획연장 (m)","소계",소계,합계,성동구,-,-,-,-,274270,274865,275516,275624,275624,275407,291468,291771,298197,295472,291882,290223,303579,290223,305848,306078,306342
"계획연장 (m)","소계",소계,합계,광진구,-,-,-,-,372252,372313,372313,372313,372904,373142,347391,348064,347221,349355,350149,350724,362223,350678,363390,363986,364236
"계획연장 (m)","소계",소계,합계,동대문구,-,-,-,-,413646,413706,414296,412570,407341,406286,401598,400912,400241,400920,400611,399771,410622,399771,407524,407967,405439
"계획연장 (m)","소계",소계,합계,중랑구,-,-,-,-,395624,396318,397014,397473,398203,398203,387873,387536,389505,401771,404661,404661,422738,404661,432173,429297,429094
"계획연장 (m)","소계",소계,합계,성북구,-,-,-,-,464152,465364,463110,461376,460951,461348,478701,474052,470923,472526,471062,485239,513794,485239,505756,507503,505498
"계획연장 (m)","소계",소계,합계,강북구,-,-,-,-,337363,337777,338250,337547,338305,337565,328710,332465,331388,333583,332545,332849,354927,332849,356786,356576,356683
"계획연장 (m)","소계",소계,합계,도봉구,-,-,-,-,277661,277869,277869,277869,277869,278338,275367,292625,291844,293108,293265,293265,322476,293265,325794,329426,329484
"계획연장 (m)","소계",소계,합계,노원구,-,-,-,-,555059,555126,556674,557683,559215,559215,550346,386815,393523,396484,400617,400617,442951,400617,445716,448628,450294
"계획연장 (m)","소계",소계,합계,은평구,-,-,-,-,470212,470733,470791,470791,470071,460278,413498,447840,446616,454697,455174,455174,478417,455174,474432,483285,480898
"계획연장 (m)","소계",소계,합계,서대문구,-,-,-,-,396328,396600,395520,395945,397409,399259,345657,347848,347262,332424,331933,332051,353741,332051,348146,348434,348427
"계획연장 (m)","소계",소계,합계,마포구,-,-,-,-,482850,482910,483017,483362,483406,484077,470870,448074,451376,447358,443981,443888,465356,443888,463862,462850,463169
"계획연장 (m)","소계",소계,합계,양천구,-,-,-,-,300769,300962,301720,302210,302559,302559,365836,372170,383389,386351,387670,388035,392560,388035,392987,395261,395287
"계획연장 (m)","소계",소계,합계,강서구,-,-,-,-,461506,463893,476104,476627,476937,477679,478908,371065,471903,471693,505641,508037,527381,508037,563986,564816,566351
"계획연장 (m)","소계",소계,합계,구로구,-,-,-,-,299634,300578,300946,301211,301211,301983,366206,368513,370096,374655,379757,379819,387399,379820,391369,402766,403205
"계획연장 (m)","소계",소계,합계,금천구,-,-,-,-,231888,231888,231888,231888,231888,231896,236556,236855,241817,245182,249029,249029,260289,249029,259604,265400,265481
"계획연장 (m)","소계",소계,합계,영등포구,-,-,-,-,444095,444933,445466,447182,447659,447854,464381,466076,471176,472961,467424,469073,497616,469073,495682,492759,493144
"계획연장 (m)","소계",소계,합계,동작구,-,-,-,-,310265,309446,309501,309525,310030,310030,334550,333536,330599,332201,331742,331749,336275,331749,333908,335281,335280
"계획연장 (m)","소계",소계,합계,관악구,-,-,-,-,393040,393194,393339,393282,392963,394297,401234,401168,406730,409135,406168,408058,432941,408058,433404,431069,432341
"계획연장 (m)","소계",소계,합계,서초구,-,-,-,-,356416,356541,357341,357404,357404,358435,521989,528219,532885,538319,540656,542729,588115,542729,589940,597690,602583
"계획연장 (m)","소계",소계,합계,강남구,-,-,-,-,618696,618696,618911,618911,619313,619956,641201,641287,644132,646648,664127,665311,710264,665311,721661,723869,731958
"계획연장 (m)","소계",소계,합계,송파구,-,-,-,-,533870,534123,534123,534123,534123,534123,546793,643855,650561,655839,656703,656703,691703,656703,710766,708734,706636
"계획연장 (m)","소계",소계,합계,강동구,-,-,-,-,396137,396343,398318,398550,398550,398968,412145,447143,441576,442198,443039,445126,472388,445126,471696,472950,474406
"계획연장 (m)","소계",소계,합계,중랑처리장,-,-,-,-,171416,171416,172746,173907,175922,182959,142283,182959,195422,195448,197960,197969,-,-,-,-,-
"계획연장 (m)","소계",소계,합계,탄천처리장,-,-,-,-,87069,87069,88137,88766,88766,88610,88610,97382,102923,104169,109317,109589,-,-,-,-,-
"계획연장 (m)","소계",소계,합계,서남처리장,-,-,-,-,90028,90740,90740,90667,90667,90667,90667,94487,102717,102978,108619,108595,-,-,-,-,-
"계획연장 (m)","소계",소계,합계,난지처리장,-,-,-,-,93890,93944,93944,93971,93944,93299,93299,93299,96613,99326,101148,101148,-,-,-,-,-
"시설연장 (m)","소계",소계,합계,소계,10051512,10087466,10157351,10227534,10251553,10261164,10282686,10286770,10291374,10297137,10487154,10392318,10570575,10615726,10682218,10701402,10728595,10723670,10798477,10827521,10837501
"시설연장 (m)","소계",소계,합계,종로구,-,-,-,-,393911,394186,394186,394289,395680,397326,378115,339314,339790,339025,339188,336625,363885,363310,363798,364119,364544
"시설연장 (m)","소계",소계,합계,중구,-,-,-,-,265887,265887,265887,265887,265887,266177,266402,267360,269735,268267,265276,263411,271739,272017,271597,272011,272020
"시설연장 (m)","소계",소계,합계,용산구,-,-,-,-,363619,363744,365019,365817,366573,367202,366499,349630,350414,353633,352876,351934,368427,368238,372889,373331,372936
"시설연장 (m)","소계",소계,합계,성동구,-,-,-,-,274270,274865,275516,275624,275624,275407,291468,291771,298197,295472,291882,290223,303579,302332,305848,305936,306149
"시설연장 (m)","소계",소계,합계,광진구,-,-,-,-,372252,372313,372313,372313,372904,373142,347391,348064,347221,349355,350149,350724,362223,359654,363390,363986,364236
"시설연장 (m)","소계",소계,합계,동대문구,-,-,-,-,413646,413706,414296,412570,407341,406286,401598,400912,400241,400920,400611,399771,410622,407581,407524,407880,404802
"시설연장 (m)","소계",소계,합계,중랑구,-,-,-,-,395624,396318,397014,397473,398203,398203,387873,387536,389505,401771,404661,404661,422738,423074,432173,429297,429094
"시설연장 (m)","소계",소계,합계,성북구,-,-,-,-,464152,465364,463110,461376,460951,461348,478701,474052,470923,472526,471062,485239,513588,508060,505756,507503,505498
"시설연장 (m)","소계",소계,합계,강북구,-,-,-,-,337363,337777,338250,337547,338305,337565,328710,332465,331388,333583,332545,332849,354927,356942,356781,356464,356571
"시설연장 (m)","소계",소계,합계,도봉구,-,-,-,-,277661,277869,277869,277869,277869,278338,275367,292625,291844,293108,293265,293265,322420,326068,325794,329426,329484
"시설연장 (m)","소계",소계,합계,노원구,-,-,-,-,555059,555126,556674,557683,559215,559215,550346,386815,393523,396484,400617,400617,442951,447075,445716,448628,450294
"시설연장 (m)","소계",소계,합계,은평구,-,-,-,-,470212,470733,470791,470791,470071,460278,413498,447840,446616,454697,455174,455174,478105,476527,474432,482745,480898
"시설연장 (m)","소계",소계,합계,서대문구,-,-,-,-,396328,396600,395520,395945,397409,399259,345657,347848,347262,332424,331933,332051,353385,351299,348146,348434,348427
"시설연장 (m)","소계",소계,합계,마포구,-,-,-,-,482850,482910,483017,483362,483406,484077,470870,448074,451376,447358,443981,443888,465356,465739,463862,462746,463039
"시설연장 (m)","소계",소계,합계,양천구,-,-,-,-,300769,300962,301720,302210,302559,302559,365836,372170,383389,386351,387670,388035,392560,392413,390769,388992,388980
"시설연장 (m)","소계",소계,합계,강서구,-,-,-,-,461506,463893,476104,476627,476937,477679,478908,371065,471903,471693,505641,508037,527370,527456,563986,564816,566351
"시설연장 (m)","소계",소계,합계,구로구,-,-,-,-,299634,300578,300946,301211,301211,301983,366206,368513,370096,374655,379757,379819,387399,388998,391369,402766,403205
"시설연장 (m)","소계",소계,합계,금천구,-,-,-,-,231888,231888,231888,231888,231888,231896,236556,236855,241817,245182,249029,249029,258233,258062,258852,259044,259217
"시설연장 (m)","소계",소계,합계,영등포구,-,-,-,-,444095,444933,445466,447182,447659,447854,464381,466076,471176,472961,467424,469073,497616,497409,495682,492759,493144
"시설연장 (m)","소계",소계,합계,동작구,-,-,-,-,310265,309446,309501,309525,310030,310030,334550,333536,330599,332201,331742,331749,336154,333186,333067,332326,330689
"시설연장 (m)","소계",소계,합계,관악구,-,-,-,-,393040,393194,393339,393282,392963,394297,401234,401168,406730,409135,406168,408058,432941,433195,433404,431069,432341
"시설연장 (m)","소계",소계,합계,서초구,-,-,-,-,356416,356541,357341,357404,357404,358435,521989,528219,532885,538319,540656,542729,588115,588142,589940,597690,602583
"시설연장 (m)","소계",소계,합계,강남구,-,-,-,-,618696,618696,618911,618911,619313,619956,641201,641287,644132,646648,664127,665311,710264,711668,721661,723869,731958
"시설연장 (m)","소계",소계,합계,송파구,-,-,-,-,533870,534123,534123,534123,534123,534123,546793,643855,650561,655839,656703,656703,691613,692283,710766,708734,706636
"시설연장 (m)","소계",소계,합계,강동구,-,-,-,-,396137,396343,398318,398550,398550,398968,412145,447143,441576,442198,443039,445126,472388,472942,471276,472950,474406
"시설연장 (m)","소계",소계,합계,중랑처리장,-,-,-,-,171416,171416,172746,173907,175922,182959,142283,182959,195422,195448,197960,197969,-,-,-,-,-
"시설연장 (m)","소계",소계,합계,탄천처리장,-,-,-,-,87069,87069,88137,88766,88766,88610,88610,97382,102923,104169,109317,109589,-,-,-,-,-
"시설연장 (m)","소계",소계,합계,서남처리장,-,-,-,-,90028,90740,90740,90667,90667,90667,90667,94487,102717,102978,108619,108595,-,-,-,-,-
"시설연장 (m)","소계",소계,합계,난지처리장,-,-,-,-,93890,93944,93944,93971,93944,93299,93299,93299,96613,99326,101148,101148,-,-,-,-,-
"보급률 (%)","소계",소계,합계,소계,100.0,100.0,100.0,100.0,100.0,100.0,100.0,100.0,100.0,100.0,100.0,100.0,100.0,100.0,100.0,100.0,100.0,100.0,100.0,100.0,100.0
"보급률 (%)","소계",소계,합계,종로구,-,-,-,-,100.0,100.0,100.0,100.0,100.0,100.0,100.0,100.0,100.0,100.0,100.0,100.0,100.0,100.0,100.0,100.0,100.0
"보급률 (%)","소계",소계,합계,중구,-,-,-,-,100.0,100.0,100.0,100.0,100.0,100.0,100.0,100.0,100.0,100.0,100.0,100.0,100.0,100.0,100.0,100.0,100.0
"보급률 (%)","소계",소계,합계,용산구,-,-,-,-,100.0,100.0,100.0,100.0,100.0,100.0,100.0,100.0,100.0,100.0,100.0,100.0,100.0,100.0,100.0,100.0,99.9
"보급률 (%)","소계",소계,합계,성동구,-,-,-,-,100.0,100.0,100.0,100.0,100.0,100.0,100.0,100.0,100.0,100.0,100.0,100.0,100.0,100.0,100.0,100.0,99.9
"보급률 (%)","소계",소계,합계,광진구,-,-,-,-,100.0,100.0,100.0,100.0,100.0,100.0,100.0,100.0,100.0,100.0,100.0,100.0,100.0,100.0,100.0,100.0,100.0
"보급률 (%)","소계",소계,합계,동대문구,-,-,-,-,100.0,100.0,100.0,100.0,100.0,100.0,100.0,100.0,100.0,100.0,100.0,100.0,100.0,100.0,100.0,100.0,99.8
"보급률 (%)","소계",소계,합계,중랑구,-,-,-,-,100.0,100.0,100.0,100.0,100.0,100.0,100.0,100.0,100.0,100.0,100.0,100.0,100.0,100.0,100.0,100.0,100.0
"보급률 (%)","소계",소계,합계,성북구,-,-,-,-,100.0,100.0,100.0,100.0,100.0,100.0,100.0,100.0,100.0,100.0,100.0,100.0,100.0,100.0,100.0,100.0,100.0
"보급률 (%)","소계",소계,합계,강북구,-,-,-,-,100.0,100.0,100.0,100.0,100.0,100.0,100.0,100.0,100.0,100.0,100.0,100.0,100.0,100.0,100.0,100.0,100.0
"보급률 (%)","소계",소계,합계,도봉구,-,-,-,-,100.0,100.0,100.0,100.0,100.0,100.0,100.0,100.0,100.0,100.0,100.0,100.0,100.0,100.0,100.0,100.0,100.0
"보급률 (%)","소계",소계,합계,노원구,-,-,-,-,100.0,100.0,100.0,100.0,100.0,100.0,100.0,100.0,100.0,100.0,100.0,100.0,100.0,100.0,100.0,100.0,100.0
"보급률 (%)","소계",소계,합계,은평구,-,-,-,-,100.0,100.0,100.0,100.0,100.0,100.0,100.0,100.0,100.0,100.0,100.0,100.0,100.0,100.0,100.0,99.9,100.0
"보급률 (%)","소계",소계,합계,서대문구,-,-,-,-,100.0,100.0,100.0,100.0,100.0,100.0,100.0,100.0,100.0,100.0,100.0,100.0,100.0,100.0,100.0,100.0,100.0
"보급률 (%)","소계",소계,합계,마포구,-,-,-,-,100.0,100.0,100.0,100.0,100.0,100.0,100.0,100.0,100.0,100.0,100.0,100.0,100.0,100.0,100.0,100.0,100.0
"보급률 (%)","소계",소계,합계,양천구,-,-,-,-,100.0,100.0,100.0,100.0,100.0,100.0,100.0,100.0,100.0,100.0,100.0,100.0,100.0,100.0,99.4,98.4,98.4
"보급률 (%)","소계",소계,합계,강서구,-,-,-,-,100.0,100.0,100.0,100.0,100.0,100.0,100.0,100.0,100.0,100.0,100.0,100.0,100.0,100.0,100.0,100.0,100.0
"보급률 (%)","소계",소계,합계,구로구,-,-,-,-,100.0,100.0,100.0,100.0,100.0,100.0,100.0,100.0,100.0,100.0,100.0,100.0,100.0,100.0,100.0,100.0,100.0
"보급률 (%)","소계",소계,합계,금천구,-,-,-,-,100.0,100.0,100.0,100.0,100.0,100.0,100.0,100.0,100.0,100.0,100.0,100.0,99.0,99.0,99.7,97.6,97.6
"보급률 (%)","소계",소계,합계,영등포구,-,-,-,-,100.0,100.0,100.0,100.0,100.0,100.0,100.0,100.0,100.0,100.0,100.0,100.0,100.0,100.0,100.0,100.0,100.0
"보급률 (%)","소계",소계,합계,동작구,-,-,-,-,100.0,100.0,100.0,100.0,100.0,100.0,100.0,100.0,100.0,100.0,100.0,100.0,100.0,100.0,99.7,99.1,98.6
"보급률 (%)","소계",소계,합계,관악구,-,-,-,-,100.0,100.0,100.0,100.0,100.0,100.0,100.0,100.0,100.0,100.0,100.0,100.0,100.0,100.0,100.0,100.0,100.0
"보급률 (%)","소계",소계,합계,서초구,-,-,-,-,100.0,100.0,100.0,100.0,100.0,100.0,100.0,100.0,100.0,100.0,100.0,100.0,100.0,100.0,100.0,100.0,100.0
"보급률 (%)","소계",소계,합계,강남구,-,-,-,-,100.0,100.0,100.0,100.0,100.0,100.0,100.0,100.0,100.0,100.0,100.0,100.0,100.0,100.0,100.0,100.0,100.0
"보급률 (%)","소계",소계,합계,송파구,-,-,-,-,100.0,100.0,100.0,100.0,100.0,100.0,100.0,100.0,100.0,100.0,100.0,100.0,100.0,100.0,100.0,100.0,100.0
"보급률 (%)","소계",소계,합계,강동구,-,-,-,-,100.0,100.0,100.0,100.0,100.0,100.0,100.0,100.0,100.0,100.0,100.0,100.0,100.0,100.0,99.9,100.0,100.0
"보급률 (%)","소계",소계,합계,중랑처리장,-,-,-,-,100.0,100.0,100.0,100.0,100.0,100.0,100.0,100.0,100.0,100.0,100.0,100.0,-,-,-,-,-
"보급률 (%)","소계",소계,합계,탄천처리장,-,-,-,-,100.0,100.0,100.0,100.0,100.0,100.0,100.0,100.0,100.0,100.0,100.0,100.0,-,-,-,-,-
"보급률 (%)","소계",소계,합계,서남처리장,-,-,-,-,100.0,100.0,100.0,100.0,100.0,100.0,100.0,100.0,100.0,100.0,100.0,100.0,-,-,-,-,-
"보급률 (%)","소계",소계,합계,난지처리장,-,-,-,-,100.0,100.0,100.0,100.0,100.0,100.0,100.0,100.0,100.0,100.0,100.0,100.0,-,-,-,-,-
"합류식 (m)","계획면적 (㎢)",소계,합계,소계,311.5,311.6,311.6,311.6,311.6,313.4,313.5,313.8,309.5,361.0,361.0,361.0,361.1,343.4,336.0,342.3,342.0,342.0,342.3,342.3,342.3
"합류식 (m)","계획면적 (㎢)",소계,합계,종로구,-,-,-,-,14.1,14.1,14.1,14.1,14.1,14.1,14.1,14.1,14.1,14.1,13.6,14.1,14.0,14.0,14.1,14.1,14.1
"합류식 (m)","계획면적 (㎢)",소계,합계,중구,-,-,-,-,8.5,8.5,8.5,8.5,8.5,8.5,8.5,8.5,8.5,9.9,9.1,9.9,10.0,10.0,9.9,9.9,9.9
"합류식 (m)","계획면적 (㎢)",소계,합계,용산구,-,-,-,-,11.1,11.1,11.1,11.1,11.1,11.1,11.1,11.1,11.1,17.1,12.7,17.0,17.0,17.0,17.0,17.0,17.0
"합류식 (m)","계획면적 (㎢)",소계,합계,성동구,-,-,-,-,11.6,11.6,11.6,11.6,11.6,11.6,11.6,11.6,11.6,12.8,13.1,12.7,13.0,13.0,12.7,12.7,12.7
"합류식 (m)","계획면적 (㎢)",소계,합계,광진구,-,-,-,-,12.1,12.3,12.3,12.3,12.3,12.3,12.3,12.3,12.3,11.7,11.6,11.6,12.0,12.0,11.6,11.6,11.6
"합류식 (m)","계획면적 (㎢)",소계,합계,동대문구,-,-,-,-,12.4,12.4,12.4,12.4,12.4,12.4,12.4,12.4,12.4,11.8,13.0,11.7,12.0,12.0,11.7,11.7,11.7
"합류식 (m)","계획면적 (㎢)",소계,합계,중랑구,-,-,-,-,11.2,11.2,11.2,11.2,11.2,17.1,17.1,17.1,17.1,11.4,11.9,11.4,11.0,11.0,11.4,11.4,11.4
"합류식 (m)","계획면적 (㎢)",소계,합계,성북구,-,-,-,-,15.6,15.6,15.6,15.6,11.6,15.5,15.5,15.5,15.5,15.4,16.7,15.3,15.0,15.0,15.3,15.3,15.3
"합류식 (m)","계획면적 (㎢)",소계,합계,강북구,-,-,-,-,9.7,9.7,9.7,9.7,9.7,9.7,9.7,9.7,9.7,9.1,10.3,9.0,9.0,9.0,9.0,9.0,9.0
"합류식 (m)","계획면적 (㎢)",소계,합계,도봉구,-,-,-,-,6.0,6.0,6.0,6.0,6.0,7.6,7.6,7.6,7.6,8.5,8.5,8.5,9.0,9.0,8.5,8.5,8.5
"합류식 (m)","계획면적 (㎢)",소계,합계,노원구,-,-,-,-,6.6,6.7,6.8,6.8,6.8,17.6,17.6,17.6,17.6,6.9,11.7,6.8,7.0,7.0,6.8,6.8,6.8
"합류식 (m)","계획면적 (㎢)",소계,합계,은평구,-,-,-,-,13.6,13.6,13.6,13.6,13.6,13.6,13.6,13.6,13.6,15.3,12.9,15.2,15.0,15.0,15.2,15.2,15.2
"합류식 (m)","계획면적 (㎢)",소계,합계,서대문구,-,-,-,-,12.3,12.3,12.3,12.3,12.3,12.4,12.4,12.4,12.4,14.6,13.0,14.5,15.0,15.0,14.5,14.5,14.5
"합류식 (m)","계획면적 (㎢)",소계,합계,마포구,-,-,-,-,13.4,14.4,14.4,14.4,14.4,14.7,14.7,14.7,14.7,14.9,11.7,14.9,15.0,15.0,14.9,14.9,14.9
"합류식 (m)","계획면적 (㎢)",소계,합계,양천구,-,-,-,-,8.0,8.0,8.0,8.0,8.0,12.4,12.4,12.4,12.4,9.9,10.1,9.8,10.0,10.0,9.8,9.8,9.8
"합류식 (m)","계획면적 (㎢)",소계,합계,강서구,-,-,-,-,11.5,11.5,11.5,11.5,11.5,13.8,13.8,13.8,13.8,14.2,19.8,14.2,14.0,14.0,14.2,14.2,14.2
"합류식 (m)","계획면적 (㎢)",소계,합계,구로구,-,-,-,-,14.1,14.1,14.1,14.1,14.1,14.0,14.0,14.0,14.0,16.1,16.1,16.1,16.0,16.0,16.1,16.1,16.1
"합류식 (m)","계획면적 (㎢)",소계,합계,금천구,-,-,-,-,9.5,9.5,9.5,9.5,9.5,9.5,9.5,9.5,9.5,9.6,9.9,9.6,10.0,10.0,9.6,9.6,9.6
"합류식 (m)","계획면적 (㎢)",소계,합계,영등포구,-,-,-,-,15.8,15.8,15.8,15.8,15.8,15.8,15.8,15.8,15.8,15.0,16.2,15.0,15.0,15.0,15.0,15.0,15.0
"합류식 (m)","계획면적 (㎢)",소계,합계,동작구,-,-,-,-,11.8,11.8,11.8,11.8,11.8,11.8,11.8,11.8,11.8,13.9,13.4,13.9,14.0,14.0,13.9,13.9,13.9
"합류식 (m)","계획면적 (㎢)",소계,합계,관악구,-,-,-,-,15.9,15.9,15.9,15.9,15.9,15.9,15.9,15.9,15.9,19.4,14.8,19.4,19.0,19.0,19.4,19.4,19.4
"합류식 (m)","계획면적 (㎢)",소계,합계,서초구,-,-,-,-,22.2,22.2,22.2,22.2,22.2,23.6,23.6,23.6,23.6,24.3,20.8,24.2,24.0,24.0,24.2,24.2,24.2
"합류식 (m)","계획면적 (㎢)",소계,합계,강남구,-,-,-,-,17.8,17.8,17.8,17.8,17.8,25.8,25.8,25.8,25.8,20.5,23.2,20.5,21.0,21.0,20.5,20.5,20.5
"합류식 (m)","계획면적 (㎢)",소계,합계,송파구,-,-,-,-,17.7,17.7,17.7,17.7,17.7,27.2,27.2,27.2,27.2,16.0,12.0,16.0,16.0,16.0,16.0,16.0,16.0
"합류식 (m)","계획면적 (㎢)",소계,합계,강동구,-,-,-,-,9.5,9.9,9.9,9.9,9.9,13.1,13.1,13.1,13.1,11.0,10.2,11.0,11.0,11.0,11.0,11.0,11.0
"합류식 (m)","계획연장",소계,합계,소계,8709062,8731933,8763778,8788750,8804577,8812469,8817685,8818576,8820387,8819303,9527509,9572652,9673354,9651045,9631946,9640641,9123901,9123901,9517531,9514478,9463937
"합류식 (m)","계획연장",소계,합계,종로구,-,-,-,-,393911,394186,394186,394289,395680,397326,362172,320232,322260,322180,322565,319870,319870,319870,340525,340876,333900
"합류식 (m)","계획연장",소계,합계,중구,-,-,-,-,265887,265887,265887,265887,265887,266177,262308,263415,265792,264400,260785,258634,258634,258634,264470,264888,264866
"합류식 (m)","계획연장",소계,합계,용산구,-,-,-,-,361079,361204,361411,362209,362965,363594,348630,331705,332856,336052,335026,334085,334085,334085,354498,354954,354593
"합류식 (m)","계획연장",소계,합계,성동구,-,-,-,-,274270,274865,275516,275624,275624,275407,287575,287296,293882,288386,284617,282796,282796,282796,296870,296825,297089
"합류식 (m)","계획연장",소계,합계,광진구,-,-,-,-,372252,372313,372313,372313,372904,373142,346999,346617,345748,347564,348167,348742,349303,349303,357042,358354,357482
"합류식 (m)","계획연장",소계,합계,동대문구,-,-,-,-,413646,413706,414296,412570,407341,406286,399459,395389,394738,394791,394197,393357,393357,393357,401060,401444,398916
"합류식 (m)","계획연장",소계,합계,중랑구,-,-,-,-,373771,374465,375161,375620,376350,376350,366331,376253,377475,379326,381695,381695,381695,381695,408477,404608,400430
"합류식 (m)","계획연장",소계,합계,성북구,-,-,-,-,464152,465364,463110,461376,460951,461348,468750,458334,455277,457028,455757,469470,469470,469470,482770,482038,479915
"합류식 (m)","계획연장",소계,합계,강북구,-,-,-,-,317031,317445,317918,317215,317973,317233,326472,329068,327992,329985,328836,329140,329140,329140,349850,349629,349736
"합류식 (m)","계획연장",소계,합계,도봉구,-,-,-,-,231713,231921,231921,231921,231921,232390,227846,269343,268617,269917,270082,270082,270082,270082,299909,303193,303246
"합류식 (m)","계획연장",소계,합계,노원구,-,-,-,-,354421,354488,356036,356856,356781,356781,352016,326687,318726,321025,322239,322239,322239,322239,354115,355942,355937
"합류식 (m)","계획연장",소계,합계,은평구,-,-,-,-,470212,470733,470791,470791,470071,460278,412669,446089,444908,400781,398851,398851,398851,398851,408814,417699,413474
"합류식 (m)","계획연장",소계,합계,서대문구,-,-,-,-,396328,396600,394892,394892,397409,399259,338154,338687,334442,317813,312745,312863,312863,312863,327011,325861,325849
"합류식 (m)","계획연장",소계,합계,마포구,-,-,-,-,409137,409197,409304,409304,409304,409974,396857,402997,406147,399178,394046,393953,393953,393953,413133,411967,412352
"합류식 (m)","계획연장",소계,합계,양천구,-,-,-,-,209295,209488,210246,210246,210388,210388,314420,317330,326406,330234,326721,326452,326452,326452,324152,324152,324152
"합류식 (m)","계획연장",소계,합계,강서구,-,-,-,-,384071,385505,386192,386715,387025,387595,390089,317330,376422,375893,382022,382022,382022,382022,395167,396414,398251
"합류식 (m)","계획연장",소계,합계,구로구,-,-,-,-,299634,300578,300946,301211,301211,301983,350163,352418,350420,352059,353563,353625,353625,353625,359907,358585,359023
"합류식 (m)","계획연장",소계,합계,금천구,-,-,-,-,231888,231888,231888,231888,231888,231896,232990,230960,235292,239867,229744,229872,229872,229872,240228,240210,240292
"합류식 (m)","계획연장",소계,합계,영등포구,-,-,-,-,444095,444933,445466,447182,447659,447854,462016,461233,466298,468066,463568,464094,464094,464094,489247,485904,481385
"합류식 (m)","계획연장",소계,합계,동작구,-,-,-,-,310265,309446,309501,309525,310030,310030,330226,328601,325662,326533,325611,325618,325618,325618,325618,325618,325618
"합류식 (m)","계획연장",소계,합계,관악구,-,-,-,-,393040,393194,393339,393282,392963,394297,399999,399035,403912,406460,403259,405031,405031,405031,419133,415280,415599
"합류식 (m)","계획연장",소계,합계,서초구,-,-,-,-,329755,329880,330340,330403,330403,331434,477470,482694,483014,480347,481072,481322,481322,481322,494961,494782,487030
"합류식 (m)","계획연장",소계,합계,강남구,-,-,-,-,494964,494964,495179,495179,495581,495786,565359,565198,565902,568398,569222,569742,569742,569742,600387,599266,582104
"합류식 (m)","계획연장",소계,합계,송파구,-,-,-,-,318353,318606,318606,318606,318606,318606,362552,397958,398160,416910,416724,416724,416724,416724,437563,433222,429895
"합류식 (m)","계획연장",소계,합계,강동구,-,-,-,-,291407,291613,293240,293472,293472,293890,331128,359655,355331,355931,353788,353060,353060,353060,372623,372767,372805
"합류식 (m)","계획연장",소계,합계,중랑처리장,-,-,-,-,-,-,-,-,-,-,142283,182959,195422,195448,197960,197969,-,-,-,-,-
"합류식 (m)","계획연장",소계,합계,탄천처리장,-,-,-,-,-,-,-,-,-,-,88610,97382,102923,104169,101148,109589,-,-,-,-,-
"합류식 (m)","계획연장",소계,합계,서남처리장,-,-,-,-,-,-,-,-,-,-,90667,94487,102717,102978,109317,108595,-,-,-,-,-
"합류식 (m)","계획연장",소계,합계,난지처리장,-,-,-,-,-,-,-,-,-,-,93299,93299,96613,99326,108619,101148,-,-,-,-,-
"합류식 (m)","시설연장",소계,합계,소계,8709062,8731933,8763778,8788750,8804577,8812469,8817685,8818576,8820387,8819303,9527509,9572652,9673354,9651045,9631946,9640641,9545036,9525602,9514471,9505253,9453039
"합류식 (m)","시설연장",소계,합계,종로구,-,-,-,-,393911,394186,394186,394289,395680,397326,362172,320232,322260,322180,322565,319870,340734,340191,340525,340876,333900
"합류식 (m)","시설연장",소계,합계,중구,-,-,-,-,265887,265887,265887,265887,265887,266177,262308,263415,265792,264400,260785,258634,265459,265651,264470,264888,264866
"합류식 (m)","시설연장",소계,합계,용산구,-,-,-,-,361079,361204,361411,362209,362965,363594,348630,331705,332856,336052,335026,334085,350395,350206,354498,354954,354593
"합류식 (m)","시설연장",소계,합계,성동구,-,-,-,-,274270,274865,275516,275624,275624,275407,287575,287296,293882,288386,284617,282796,294474,292659,296870,296825,297089
"합류식 (m)","시설연장",소계,합계,광진구,-,-,-,-,372252,372313,372313,372313,372904,373142,346999,346617,345748,347564,348167,348742,359389,357507,357042,358354,357482
"합류식 (m)","시설연장",소계,합계,동대문구,-,-,-,-,413646,413706,414296,412570,407341,406286,399459,395389,394738,394791,394197,393357,404161,401117,401060,401444,398916
"합류식 (m)","시설연장",소계,합계,중랑구,-,-,-,-,373771,374465,375161,375620,376350,376350,366331,376253,377475,379326,381695,381695,399177,399513,408477,404608,400430
"합류식 (m)","시설연장",소계,합계,성북구,-,-,-,-,464152,465364,463110,461376,460951,461348,468750,458334,455277,457028,455757,469470,495803,488769,482770,482038,479915
"합류식 (m)","시설연장",소계,합계,강북구,-,-,-,-,317031,317445,317918,317215,317973,317233,326472,329068,327992,329985,328836,329140,347899,349933,349850,349629,349736
"합류식 (m)","시설연장",소계,합계,도봉구,-,-,-,-,231713,231921,231921,231921,231921,232390,227846,269343,268617,269917,270082,270082,296966,299957,299909,303193,303246
"합류식 (m)","시설연장",소계,합계,노원구,-,-,-,-,354421,354488,356036,356856,356781,356781,352016,326687,318726,321025,322239,322239,354505,357086,354115,355942,355937
"합류식 (m)","시설연장",소계,합계,은평구,-,-,-,-,470212,470733,470791,470791,470071,460278,412669,446089,444908,400781,398851,398851,415463,412292,408814,417699,413474
"합류식 (m)","시설연장",소계,합계,서대문구,-,-,-,-,396328,396600,394892,394892,397409,399259,338154,338687,334442,317813,312745,312863,334294,330801,327011,325861,325849
"합류식 (m)","시설연장",소계,합계,마포구,-,-,-,-,409137,409197,409304,409304,409304,409974,396857,402997,406147,399178,394046,393953,414688,415134,413133,411967,412352
"합류식 (m)","시설연장",소계,합계,양천구,-,-,-,-,209295,209488,210246,210246,210388,210388,314420,317330,326406,330234,326721,326452,329449,329436,321934,317882,317845
"합류식 (m)","시설연장",소계,합계,강서구,-,-,-,-,384071,385505,386192,386715,387025,387595,390089,317330,376422,375893,382022,382022,395435,395516,395167,396414,398251
"합류식 (m)","시설연장",소계,합계,구로구,-,-,-,-,299634,300578,300946,301211,301211,301983,350163,352418,350420,352059,353563,353625,357887,358836,359907,358585,359023
"합류식 (m)","시설연장",소계,합계,금천구,-,-,-,-,231888,231888,231888,231888,231888,231896,232990,230960,235292,239867,229744,229872,241070,240849,240228,240210,240292
"합류식 (m)","시설연장",소계,합계,영등포구,-,-,-,-,444095,444933,445466,447182,447659,447854,462016,461233,466298,468066,463568,464094,491566,490992,489247,485904,481385
"합류식 (m)","시설연장",소계,합계,동작구,-,-,-,-,310265,309446,309501,309525,310030,310030,330226,328601,325662,326533,325611,325618,329855,325242,324777,322663,321027
"합류식 (m)","시설연장",소계,합계,관악구,-,-,-,-,393040,393194,393339,393282,392963,394297,399999,399035,403912,406460,403259,405031,420800,421053,419133,415280,415599
"합류식 (m)","시설연장",소계,합계,서초구,-,-,-,-,329755,329880,330340,330403,330403,331434,477470,482694,483014,480347,481072,481322,494649,494227,494961,494782,487030
"합류식 (m)","시설연장",소계,합계,강남구,-,-,-,-,494964,494964,495179,495179,495581,495786,565359,565198,565902,568398,569222,569742,594103,594775,600387,599266,582104
"합류식 (m)","시설연장",소계,합계,송파구,-,-,-,-,318353,318606,318606,318606,318606,318606,362552,397958,398160,416910,416724,416724,440097,438180,437563,433222,429895
"합류식 (m)","시설연장",소계,합계,강동구,-,-,-,-,291407,291613,293240,293472,293472,293890,331128,359655,355331,355931,353788,353060,376718,375680,372623,372767,372805
"합류식 (m)","시설연장",소계,합계,중랑처리장,-,-,-,-,-,-,-,-,-,-,142283,182959,195422,195448,197960,197969,-,-,-,-,-
"합류식 (m)","시설연장",소계,합계,탄천처리장,-,-,-,-,-,-,-,-,-,-,88610,97382,102923,104169,101148,109589,-,-,-,-,-
"합류식 (m)","시설연장",소계,합계,서남처리장,-,-,-,-,-,-,-,-,-,-,90667,94487,102717,102978,109317,108595,-,-,-,-,-
"합류식 (m)","시설연장",소계,합계,난지처리장,-,-,-,-,-,-,-,-,-,-,93299,93299,96613,99326,108619,101148,-,-,-,-,-
"합류식 (m)","사각형 암거",소계,합계,소계,912845,915285,927096,933019,934406,935453,937192,937514,939680,940408,1273586,1331473,1342129,1368849,1366583,1383490,1350244,1351746,1367365,1382008,1385894
"합류식 (m)","사각형 암거",소계,합계,종로구,-,-,-,-,45031,45306,45306,45409,45409,45409,53060,40829,40746,39747,39564,39564,50949,50954,50908,51128,51130
"합류식 (m)","사각형 암거",소계,합계,중구,-,-,-,-,27865,27865,27865,27865,27865,28155,26279,23256,23802,22741,23293,23293,27367,29007,28734,28918,28864
"합류식 (m)","사각형 암거",소계,합계,용산구,-,-,-,-,29183,29395,29359,29359,29270,29221,46484,30352,30950,32831,32787,32820,47225,47317,52553,52858,52861
"합류식 (m)","사각형 암거",소계,합계,성동구,-,-,-,-,39623,39623,39623,39590,39590,39590,40472,40465,41600,41290,40127,40301,52516,51665,53679,53921,53674
"합류식 (m)","사각형 암거",소계,합계,광진구,-,-,-,-,35014,35014,35014,35014,35272,35272,37870,36566,37986,38935,38963,39152,44803,42684,43643,43643,43641
"합류식 (m)","사각형 암거",소계,합계,동대문구,-,-,-,-,43969,44029,44029,44029,44029,44029,46793,48444,50629,50905,50917,50278,58500,58616,58662,58706,58568
"합류식 (m)","사각형 암거",소계,합계,중랑구,-,-,-,-,41966,41966,41966,41966,41966,41966,41966,42371,43165,45846,47427,47427,57740,57747,62939,62941,62763
"합류식 (m)","사각형 암거",소계,합계,성북구,-,-,-,-,76932,77108,77108,76902,76927,76927,61594,52002,53088,54143,54808,68489,81267,80749,80374,80518,80972
"합류식 (m)","사각형 암거",소계,합계,강북구,-,-,-,-,24577,24577,24577,24577,24577,24733,32139,33460,33951,34174,34010,34016,42895,43585,43686,43642,43642
"합류식 (m)","사각형 암거",소계,합계,도봉구,-,-,-,-,18689,18791,18791,18791,18791,18791,18791,25616,25332,27212,27174,27174,27758,27441,27502,27801,27873
"합류식 (m)","사각형 암거",소계,합계,노원구,-,-,-,-,33310,33310,33488,33488,33488,33488,33905,52644,52978,53245,54518,54518,67950,69786,69786,69913,70229
"합류식 (m)","사각형 암거",소계,합계,은평구,-,-,-,-,41825,41825,41883,41883,42129,42129,57452,45683,45973,40481,41737,41737,56054,55884,55773,60113,60091
"합류식 (m)","사각형 암거",소계,합계,서대문구,-,-,-,-,41901,41901,41901,41901,41901,41901,26227,26383,26148,27132,25773,26313,37832,37632,37650,37896,37896
"합류식 (m)","사각형 암거",소계,합계,마포구,-,-,-,-,29327,29327,29327,29327,29327,29327,29355,38818,39220,42743,43191,43191,59647,59628,59694,60929,60915
"합류식 (m)","사각형 암거",소계,합계,양천구,-,-,-,-,12670,12670,12670,12670,12670,12670,52619,52619,54591,54944,54818,54803,59005,59004,59002,59033,59034
"합류식 (m)","사각형 암거",소계,합계,강서구,-,-,-,-,64937,65105,65448,65556,65838,65838,51981,52619,47628,48968,52178,52178,57841,57841,57944,60945,61679
"합류식 (m)","사각형 암거",소계,합계,구로구,-,-,-,-,20401,20401,20401,20401,20401,20401,42034,42786,43776,44824,45709,45719,48358,49086,49645,52030,52030
"합류식 (m)","사각형 암거",소계,합계,금천구,-,-,-,-,37056,37056,37056,37056,37593,37593,37947,39067,38326,41146,42424,42770,45658,45654,45950,45969,45964
"합류식 (m)","사각형 암거",소계,합계,영등포구,-,-,-,-,60622,60676,61710,62040,62040,62040,50031,48084,49400,50006,50201,50377,76159,76247,76226,76566,76720
"합류식 (m)","사각형 암거",소계,합계,동작구,-,-,-,-,29124,29124,29124,29144,29649,29649,28395,27970,28094,28679,28591,28598,31945,31624,31502,31547,31465
"합류식 (m)","사각형 암거",소계,합계,관악구,-,-,-,-,32970,32970,33095,33095,33095,33221,37968,37470,36214,36535,37245,39331,42955,42953,42949,42976,43348
"합류식 (m)","사각형 암거",소계,합계,서초구,-,-,-,-,40002,40002,40002,40002,40002,40002,59283,62849,63488,64155,65291,65328,74071,74003,74715,74941,76130
"합류식 (m)","사각형 암거",소계,합계,강남구,-,-,-,-,45824,45824,45844,45844,46246,46451,58868,58868,59837,61911,61768,62067,70273,70287,71470,71470,71475
"합류식 (m)","사각형 암거",소계,합계,송파구,-,-,-,-,29613,29613,29613,29613,29613,29613,30449,47336,49599,59620,60243,60243,73328,73323,73323,74532,74497
"합류식 (m)","사각형 암거",소계,합계,강동구,-,-,-,-,31975,31975,31992,31992,31992,31992,45722,51379,49899,50016,50047,50041,58148,59031,59056,59070,60434
"합류식 (m)","사각형 암거",소계,합계,중랑처리장,-,-,-,-,-,-,-,-,-,-,54396,124177,101298,101296,93937,93945,-,-,-,-,-
"합류식 (m)","사각형 암거",소계,합계,탄천처리장,-,-,-,-,-,-,-,-,-,-,25982,71573,27143,27144,72482,26833,-,-,-,-,-
"합류식 (m)","사각형 암거",소계,합계,서남처리장,-,-,-,-,-,-,-,-,-,-,69716,34014,71146,71823,26833,70501,-,-,-,-,-
"합류식 (m)","사각형 암거",소계,합계,난지처리장,-,-,-,-,-,-,-,-,-,-,75810,43771,76121,76357,70525,72482,-,-,-,-,-
"합류식 (m)","원형 암거",소계,합계,소계,7525184,7544952,7564081,7583007,7596928,7603872,7610198,7610400,7610439,7607012,8253351,8241179,8329781,8282117,8264592,8256548,8194438,8173502,8146496,8122636,8066527
"합류식 (m)","원형 암거",소계,합계,종로구,-,-,-,-,314497,314497,314497,314497,315888,316207,309112,279403,280149,282433,283001,280256,289734,289186,289567,289697,282719
"합류식 (m)","원형 암거",소계,합계,중구,-,-,-,-,234099,234099,234099,234099,234099,234099,236029,240159,241990,241659,237492,235341,238084,236637,235729,235962,235995
"합류식 (m)","원형 암거",소계,합계,용산구,-,-,-,-,303957,304082,304325,305123,305968,306631,301855,301353,301906,303221,302065,301090,302995,302714,301771,301921,301557
"합류식 (m)","원형 암거",소계,합계,성동구,-,-,-,-,206869,207464,208115,208256,208256,208039,247103,246831,252282,247096,244489,242495,241958,240994,243191,242904,243415
"합류식 (m)","원형 암거",소계,합계,광진구,-,-,-,-,330431,330492,330492,330492,330825,331063,309129,310051,307762,308629,309204,309589,314586,314823,313398,314711,313842
"합류식 (m)","원형 암거",소계,합계,동대문구,-,-,-,-,365858,365858,366184,364458,359165,358110,352666,346946,344109,343886,343279,343079,345661,342502,342398,342738,340348
"합류식 (m)","원형 암거",소계,합계,중랑구,-,-,-,-,321345,322039,322735,323194,323924,323924,324365,333882,334311,333480,334268,334268,341437,341766,345538,341667,337668
"합류식 (m)","원형 암거",소계,합계,성북구,-,-,-,-,381110,382146,379892,378364,377914,378311,407156,406332,402189,402885,400948,400981,414537,408020,402396,401520,398934
"합류식 (m)","원형 암거",소계,합계,강북구,-,-,-,-,288167,288581,289054,288351,289109,288213,294333,295609,294041,295811,294826,295124,305003,306348,306164,305987,306093
"합류식 (m)","원형 암거",소계,합계,도봉구,-,-,-,-,208463,208586,208586,208586,208586,209055,209055,243727,243285,242705,242908,242908,269207,272516,272407,275392,275372
"합류식 (m)","원형 암거",소계,합계,노원구,-,-,-,-,316424,316491,317861,318261,318261,318261,318111,274043,265748,267780,267721,267721,286555,287300,284329,286029,285708
"합류식 (m)","원형 암거",소계,합계,은평구,-,-,-,-,398816,399306,399306,399306,398186,388393,355217,400406,398936,360300,357091,357091,359386,356385,353017,357562,353360
"합류식 (m)","원형 암거",소계,합계,서대문구,-,-,-,-,339257,339529,337821,337821,340338,342188,311927,312304,308294,290681,286971,286550,296462,293170,289361,287965,287953
"합류식 (m)","원형 암거",소계,합계,마포구,-,-,-,-,366345,366405,366512,366512,366512,367162,367502,364180,366927,356435,350855,350762,355041,355506,353440,351039,351437
"합류식 (m)","원형 암거",소계,합계,양천구,-,-,-,-,194703,194896,195654,195654,195796,195796,261801,264710,271815,275290,271903,271648,270444,270432,262932,258849,258811
"합류식 (m)","원형 암거",소계,합계,강서구,-,-,-,-,314102,315287,315631,316046,316074,316644,338102,264710,328788,326919,329837,329837,337588,337669,337217,335462,336565
"합류식 (m)","원형 암거",소계,합계,구로구,-,-,-,-,268316,269260,269628,269893,269893,270665,308130,309633,306643,307235,307854,307907,309529,309750,310262,306555,306993
"합류식 (m)","원형 암거",소계,합계,금천구,-,-,-,-,183396,183396,184638,184638,184638,184646,195043,191893,196966,198721,187101,187101,195412,195196,194278,194242,194327
"합류식 (m)","원형 암거",소계,합계,영등포구,-,-,-,-,381251,382035,381534,382920,383397,383592,411985,413149,416898,418060,413367,413717,415407,414744,413021,409338,404665
"합류식 (m)","원형 암거",소계,합계,동작구,-,-,-,-,279830,279011,279066,279066,279066,279066,301831,300631,297568,297854,297020,297020,297910,293617,293274,291116,289562
"합류식 (m)","원형 암거",소계,합계,관악구,-,-,-,-,352956,353092,355055,355055,354736,355690,362032,361564,367624,369852,365941,365627,377771,378027,376110,372231,372178
"합류식 (m)","원형 암거",소계,합계,서초구,-,-,-,-,279802,279927,280387,280450,280450,281481,418187,419844,419526,416192,415782,415994,420578,420225,420247,419841,410900
"합류식 (m)","원형 암거",소계,합계,강남구,-,-,-,-,435562,435562,435685,435685,435685,435685,506235,506330,506064,506487,507197,507420,523830,524488,528661,527541,510374
"합류식 (m)","원형 암거",소계,합계,송파구,-,-,-,-,275459,275712,275712,275712,275712,275712,332084,350621,348562,357290,356462,356462,366750,364838,364220,358670,355379
"합류식 (m)","원형 암거",소계,합계,강동구,-,-,-,-,255913,256119,257729,257961,257961,258379,285406,308277,305433,305915,303741,303019,318570,316649,313567,313697,312371
"합류식 (m)","원형 암거",소계,합계,중랑처리장,-,-,-,-,-,-,-,-,-,-,87887,58782,94124,94152,104024,104023,-,-,-,-,-
"합류식 (m)","원형 암거",소계,합계,탄천처리장,-,-,-,-,-,-,-,-,-,-,62628,25809,75781,77025,28666,82756,-,-,-,-,-
"합류식 (m)","원형 암거",소계,합계,서남처리장,-,-,-,-,-,-,-,-,-,-,20951,60473,31570,31155,82484,38094,-,-,-,-,-
"합류식 (m)","원형 암거",소계,합계,난지처리장,-,-,-,-,-,-,-,-,-,-,17489,49528,20492,22969,38093,28666,-,-,-,-,-
"합류식 (m)","개거",소계,합계,소계,114355,114355,114130,114180,114180,113866,112666,112666,112129,112224,6,-,79,79,298,79,79,79,79,79,79
"합류식 (m)","개거",소계,합계,종로구,-,-,-,-,8964,8964,8964,8964,8964,8964,-,-,-,-,-,-,-,-,0,-,-
"합류식 (m)","개거",소계,합계,중구,-,-,-,-,60,60,60,60,60,60,-,-,-,-,-,-,-,-,0,-,-
"합류식 (m)","개거",소계,합계,용산구,-,-,-,-,614,402,402,402,402,417,-,-,-,-,-,-,-,-,0,-,-
"합류식 (m)","개거",소계,합계,성동구,-,-,-,-,10775,10775,10775,10775,10775,10775,-,-,-,-,-,-,-,-,0,-,-
"합류식 (m)","개거",소계,합계,광진구,-,-,-,-,3509,3509,3509,3509,3509,3509,-,-,-,-,-,-,-,-,0,-,-
"합류식 (m)","개거",소계,합계,동대문구,-,-,-,-,375,375,375,375,375,375,-,-,-,-,-,-,-,-,0,-,-
"합류식 (m)","개거",소계,합계,중랑구,-,-,-,-,5424,5424,5424,5424,5424,5424,-,-,-,-,-,-,-,-,0,-,-
"합류식 (m)","개거",소계,합계,성북구,-,-,-,-,2120,2120,2120,2120,2120,2120,-,-,-,-,-,-,-,-,0,-,-
"합류식 (m)","개거",소계,합계,강북구,-,-,-,-,2395,2395,2395,2395,2395,2395,-,-,-,-,-,-,-,-,0,-,-
"합류식 (m)","개거",소계,합계,도봉구,-,-,-,-,3748,3646,3646,3646,3646,3646,-,-,-,-,-,-,-,-,0,-,-
"합류식 (m)","개거",소계,합계,노원구,-,-,-,-,3213,3213,3213,3213,3213,3213,-,-,-,-,-,-,-,-,0,-,-
"합류식 (m)","개거",소계,합계,은평구,-,-,-,-,20339,20339,20339,20339,20339,20339,-,-,-,-,-,-,-,-,0,-,-
"합류식 (m)","개거",소계,합계,서대문구,-,-,-,-,7005,7005,7005,7005,7005,7005,-,-,-,-,-,-,-,-,0,-,-
"합류식 (m)","개거",소계,합계,마포구,-,-,-,-,7533,7533,7533,7533,7533,7533,-,-,-,-,-,-,-,-,0,-,-
"합류식 (m)","개거",소계,합계,양천구,-,-,-,-,-,-,-,-,-,-,-,-,-,-,-,-,-,-,0,-,-
"합류식 (m)","개거",소계,합계,강서구,-,-,-,-,2652,2652,2652,2652,2652,2652,6,-,6,6,6,6,6,6,6,6,6
"합류식 (m)","개거",소계,합계,구로구,-,-,-,-,7900,7900,7900,7900,7900,7900,-,-,-,-,-,-,-,-,0,-,-
"합류식 (m)","개거",소계,합계,금천구,-,-,-,-,5903,5903,4661,4661,4124,4124,-,-,-,-,219,-,-,-,0,-,-
"합류식 (m)","개거",소계,합계,영등포구,-,-,-,-,-,-,-,-,-,-,-,-,-,-,-,-,-,-,0,-,-
"합류식 (m)","개거",소계,합계,동작구,-,-,-,-,28,28,28,28,28,28,-,-,-,-,-,-,-,-,0,-,-
"합류식 (m)","개거",소계,합계,관악구,-,-,-,-,3798,3798,3798,3798,3798,3878,-,-,73,73,73,73,73,73,73,73,73
"합류식 (m)","개거",소계,합계,서초구,-,-,-,-,5215,5215,5215,5215,5215,5215,-,-,-,-,-,-,-,-,0,-,-
"합류식 (m)","개거",소계,합계,강남구,-,-,-,-,3570,3570,3612,3612,3612,3612,-,-,-,-,-,-,-,-,0,-,-
"합류식 (m)","개거",소계,합계,송파구,-,-,-,-,5521,5521,5521,5521,5521,5521,-,-,-,-,-,-,-,-,0,-,-
"합류식 (m)","개거",소계,합계,강동구,-,-,-,-,3519,3519,3519,3519,3519,3519,-,-,-,-,-,-,-,-,0,-,-
"합류식 (m)","측구",소계,합계,소계,156678,157341,158471,158544,159063,159278,157629,157996,158139,159660,566,-,1365,-,473,524,275,275,531,531,539
"합류식 (m)","측구",소계,합계,종로구,-,-,-,-,25419,25419,25419,25419,25419,26746,-,-,1365,-,-,51,51,51,51,51,51
"합류식 (m)","측구",소계,합계,중구,-,-,-,-,3863,3863,3863,3863,3863,3863,-,-,-,-,-,-,7,7,7,7,7
"합류식 (m)","측구",소계,합계,용산구,-,-,-,-,27325,27325,27325,27325,27325,27325,291,-,-,-,175,175,175,175,175,175,175
"합류식 (m)","측구",소계,합계,성동구,-,-,-,-,17003,17003,17003,17003,17003,17003,-,-,-,-,-,-,-,-,0,-,-
"합류식 (m)","측구",소계,합계,광진구,-,-,-,-,3298,3298,3298,3298,3298,3298,-,-,-,-,-,-,-,-,0,-,-
"합류식 (m)","측구",소계,합계,동대문구,-,-,-,-,3444,3444,3708,3708,3772,3772,-,-,-,-,-,-,-,-,0,-,-
"합류식 (m)","측구",소계,합계,중랑구,-,-,-,-,5036,5036,5036,5036,5036,5036,-,-,-,-,-,-,-,-,0,-,-
"합류식 (m)","측구",소계,합계,성북구,-,-,-,-,3990,3990,3990,3990,3990,3990,-,-,-,-,-,-,-,-,0,-,9
"합류식 (m)","측구",소계,합계,강북구,-,-,-,-,1892,1892,1892,1892,1892,1892,-,-,-,-,-,-,-,-,0,-,-
"합류식 (m)","측구",소계,합계,도봉구,-,-,-,-,813,898,898,898,898,898,-,-,-,-,-,-,-,-,0,-,-
"합류식 (m)","측구",소계,합계,노원구,-,-,-,-,1474,1474,1474,1894,1819,1819,-,-,-,-,-,-,-,-,0,-,-
"합류식 (m)","측구",소계,합계,은평구,-,-,-,-,9232,9263,9263,9263,9417,9417,-,-,-,-,23,23,23,23,23,23,23
"합류식 (m)","측구",소계,합계,서대문구,-,-,-,-,8165,8165,8165,8165,8165,8165,-,-,-,-,-,-,-,-,0,-,-
"합류식 (m)","측구",소계,합계,마포구,-,-,-,-,5932,5932,5932,5932,5932,5952,-,-,-,-,-,-,-,-,0,-,-
"합류식 (m)","측구",소계,합계,양천구,-,-,-,-,1922,1922,1922,1922,1922,1922,-,-,-,-,-,-,-,-,0,-,-
"합류식 (m)","측구",소계,합계,강서구,-,-,-,-,2380,2461,2461,2461,2461,2461,-,-,-,-,-,-,-,-,0,-,-
"합류식 (m)","측구",소계,합계,구로구,-,-,-,-,3017,3017,3017,3017,3017,3017,-,-,-,-,-,-,-,-,0,-,-
"합류식 (m)","측구",소계,합계,금천구,-,-,-,-,5533,5533,5533,5533,5533,5533,-,-,-,-,-,-,-,-,0,-,-
"합류식 (m)","측구",소계,합계,영등포구,-,-,-,-,2222,2222,2222,2222,2222,2222,-,-,-,-,-,-,-,-,0,-,-
"합류식 (m)","측구",소계,합계,동작구,-,-,-,-,1283,1283,1283,1287,1287,1287,-,-,-,-,-,-,-,-,0,-,-
"합류식 (m)","측구",소계,합계,관악구,-,-,-,-,3316,3334,1391,1334,1334,1508,-,-,-,-,-,-,-,-,0,-,-
"합류식 (m)","측구",소계,합계,서초구,-,-,-,-,4736,4736,4736,4736,4736,4736,-,-,-,-,-,-,-,-,0,-,-
"합류식 (m)","측구",소계,합계,강남구,-,-,-,-,10008,10008,10038,10038,10038,10038,256,-,-,-,256,256,-,-,256,256,256
"합류식 (m)","측구",소계,합계,송파구,-,-,-,-,7760,7760,7760,7760,7760,7760,19,-,-,-,19,19,19,19,19,19,19
"합류식 (m)","측구",소계,합계,강동구,-,-,-,-,-,-,-,-,-,-,-,-,-,-,-,-,-,-,0,-,-
"분류식 (m)","계획면적 (㎢)",소계,합계,소계,47.0,47.0,47.0,47.0,47.0,47.1,47.7,47.8,47.7,47.7,47.8,47.8,47.8,88.7,58.4,87.9,88.0,88.0,87.9,87.9,87.9
"분류식 (m)","계획면적 (㎢)",소계,합계,종로구,-,-,-,-,-,-,-,-,-,-,-,-,-,1.1,0.1,1.0,1.0,1.0,1.0,1.0,1.0
"분류식 (m)","계획면적 (㎢)",소계,합계,중구,-,-,-,-,-,-,-,-,-,-,-,-,-,-,0.0,-,-,-,0.0,-,-
"분류식 (m)","계획면적 (㎢)",소계,합계,용산구,-,-,-,-,0.1,0.1,0.1,0.1,0.1,0.1,0.1,0.1,0.1,0.1,0.8,0.1,0.0,-,0.1,0.1,0.1
"분류식 (m)","계획면적 (㎢)",소계,합계,성동구,-,-,-,-,-,-,-,-,-,-,-,-,-,0.3,0.2,0.3,0.0,-,0.3,0.3,0.3
"분류식 (m)","계획면적 (㎢)",소계,합계,광진구,-,-,-,-,-,-,-,-,-,-,-,-,-,0.7,0.7,0.6,1.0,1.0,0.6,0.6,0.6
"분류식 (m)","계획면적 (㎢)",소계,합계,동대문구,-,-,-,-,-,-,-,-,-,-,-,-,-,1.9,0.3,1.9,2.0,2.0,1.9,1.9,1.9
"분류식 (m)","계획면적 (㎢)",소계,합계,중랑구,-,-,-,-,6.0,6.0,6.0,6.0,6.0,6.0,6.0,6.0,6.0,1.6,1.3,1.5,2.0,2.0,1.5,1.5,1.5
"분류식 (m)","계획면적 (㎢)",소계,합계,성북구,-,-,-,-,-,-,-,-,-,-,-,-,-,3.4,1.0,3.4,3.0,3.0,3.4,3.4,3.4
"분류식 (m)","계획면적 (㎢)",소계,합계,강북구,-,-,-,-,0.1,0.1,0.1,0.1,0.1,0.1,0.1,0.1,0.1,2.3,0.5,2.3,2.0,2.0,2.3,2.3,2.3
"분류식 (m)","계획면적 (㎢)",소계,합계,도봉구,-,-,-,-,1.7,1.7,1.7,1.7,1.7,1.7,1.7,1.7,1.7,2.7,2.5,2.7,3.0,3.0,2.7,2.7,2.7
"분류식 (m)","계획면적 (㎢)",소계,합계,노원구,-,-,-,-,10.4,10.5,10.5,10.5,10.5,10.5,10.5,10.5,10.5,11.5,7.6,11.5,12.0,12.0,11.5,11.5,11.5
"분류식 (m)","계획면적 (㎢)",소계,합계,은평구,-,-,-,-,-,-,-,-,-,-,-,-,-,4.4,3.8,4.4,4.0,4.0,4.4,4.4,4.4
"분류식 (m)","계획면적 (㎢)",소계,합계,서대문구,-,-,-,-,0.1,0.1,0.1,0.1,0.1,0.1,0.1,0.1,0.1,2.0,0.2,2.0,2.0,2.0,2.0,2.0,2.0
"분류식 (m)","계획면적 (㎢)",소계,합계,마포구,-,-,-,-,0.4,0.4,0.4,0.4,0.4,0.4,0.4,0.4,0.4,3.2,3.5,3.2,3.0,3.0,3.2,3.2,3.2
"분류식 (m)","계획면적 (㎢)",소계,합계,양천구,-,-,-,-,4.5,4.5,4.5,4.5,4.5,4.5,4.5,4.5,4.5,6.3,4.9,6.2,6.0,6.0,6.2,6.2,6.2
"분류식 (m)","계획면적 (㎢)",소계,합계,강서구,-,-,-,-,2.3,2.3,2.9,2.9,2.9,2.9,2.9,2.9,2.9,11.0,4.2,11.0,11.0,11.0,11.0,11.0,11.0
"분류식 (m)","계획면적 (㎢)",소계,합계,구로구,-,-,-,-,-,-,-,-,-,-,-,-,-,0.5,0.0,0.4,0.0,-,0.4,0.4,0.4
"분류식 (m)","계획면적 (㎢)",소계,합계,금천구,-,-,-,-,-,-,-,-,-,-,-,-,-,0.8,-,0.8,1.0,1.0,0.8,0.8,0.8
"분류식 (m)","계획면적 (㎢)",소계,합계,영등포구,-,-,-,-,-,-,-,-,-,-,-,-,-,1.7,0.0,1.7,2.0,2.0,1.7,1.7,1.7
"분류식 (m)","계획면적 (㎢)",소계,합계,동작구,-,-,-,-,-,-,-,-,-,-,-,-,-,1.7,0.1,1.7,2.0,2.0,1.7,1.7,1.7
"분류식 (m)","계획면적 (㎢)",소계,합계,관악구,-,-,-,-,-,-,-,-,-,-,-,-,-,0.8,0.2,0.7,1.0,1.0,0.7,0.7,0.7
"분류식 (m)","계획면적 (㎢)",소계,합계,서초구,-,-,-,-,1.3,1.3,1.3,1.3,1.3,1.3,1.3,1.3,1.3,0.6,3.0,0.5,1.0,1.0,0.5,0.5,0.5
"분류식 (m)","계획면적 (㎢)",소계,합계,강남구,-,-,-,-,8.0,8.0,8.0,8.0,8.0,8.0,8.0,8.0,8.0,10.0,5.8,10.0,10.0,10.0,10.0,10.0,10.0
"분류식 (m)","계획면적 (㎢)",소계,합계,송파구,-,-,-,-,9.5,9.5,9.5,9.5,9.5,9.5,9.5,9.5,9.5,12.4,11.7,12.4,12.0,12.0,12.4,12.4,12.4
"분류식 (m)","계획면적 (㎢)",소계,합계,강동구,-,-,-,-,2.7,2.7,2.7,2.7,2.7,2.7,2.7,2.7,2.7,7.7,6.3,7.6,8.0,8.0,7.6,7.6,7.6
"분류식 (m)","오수관거",계획연장,합계,소계,823988,834890,852695,876390,881130,882383,891766,894177,896138,902970,449565,519562,533967,572716,607291,609548,621189,609548,663652,781892,797869
"분류식 (m)","오수관거",계획연장,합계,종로구,-,-,-,-,-,-,-,-,-,-,-,1458,1437,1160,1150,1150,1188,1150,1196,5888,13345
"분류식 (m)","오수관거",계획연장,합계,중구,-,-,-,-,-,-,-,-,-,-,243,240,238,259,994,1064,1192,1064,1520,3151,3182
"분류식 (m)","오수관거",계획연장,합계,용산구,-,-,-,-,1270,1270,2338,2338,2338,2338,7568,7568,7969,7813,8062,8062,8064,8062,8364,8742,8742
"분류식 (m)","오수관거",계획연장,합계,성동구,-,-,-,-,-,-,-,-,-,-,-,513,481,1304,1553,1696,2141,1696,2309,3522,3522
"분류식 (m)","오수관거",계획연장,합계,광진구,-,-,-,-,-,-,-,-,-,-,-,1056,1056,1375,1375,1375,1375,1375,1375,1802,2923
"분류식 (m)","오수관거",계획연장,합계,동대문구,-,-,-,-,-,-,-,-,-,-,-,1812,1811,2204,2534,2534,2578,2534,2578,2643,2643
"분류식 (m)","오수관거",계획연장,합계,중랑구,-,-,-,-,8705,8705,8705,8705,8705,8705,8705,8181,8564,12390,12830,12830,13061,12830,13060,13194,13517
"분류식 (m)","오수관거",계획연장,합계,성북구,-,-,-,-,-,-,-,-,-,-,-,6588,6519,6564,6590,6948,6948,6948,9835,13423,13573
"분류식 (m)","오수관거",계획연장,합계,강북구,-,-,-,-,7542,7542,7542,7542,7542,7542,1081,2027,2027,2239,2240,2240,2240,2240,2240,5478,5478
"분류식 (m)","오수관거",계획연장,합계,도봉구,-,-,-,-,29163,29163,29163,29163,29163,29163,29163,17906,17862,18047,18039,18039,18039,18039,18579,20919,20930
"분류식 (m)","오수관거",계획연장,합계,노원구,-,-,-,-,56498,56498,56498,56588,57088,57088,57088,56572,57603,57941,61292,61292,61638,61292,63382,75382,75349
"분류식 (m)","오수관거",계획연장,합계,은평구,-,-,-,-,-,-,-,-,-,-,-,875,891,23576,24756,24756,24756,24756,27790,34019,35412
"분류식 (m)","오수관거",계획연장,합계,서대문구,-,-,-,-,-,-,309,734,-,-,1486,3718,5840,7400,9032,9032,9291,9032,9750,10713,10718
"분류식 (m)","오수관거",계획연장,합계,마포구,-,-,-,-,24532,24532,24532,24684,24684,24684,24684,16511,16376,16675,17316,17316,17316,17316,17505,18263,18198
"분류식 (m)","오수관거",계획연장,합계,양천구,-,-,-,-,46096,46096,46096,46096,46303,46303,38349,41522,43070,42327,47183,47455,47924,47455,49773,51864,51891
"분류식 (m)","오수관거",계획연장,합계,강서구,-,-,-,-,23507,23994,29084,29084,29084,29242,40566,41522,46045,49275,60075,60075,60075,60075,78784,81232,81246
"분류식 (m)","오수관거",계획연장,합계,구로구,-,-,-,-,-,-,-,-,-,-,3664,3691,4936,5932,6223,6223,6223,6223,6468,15435,15435
"분류식 (m)","오수관거",계획연장,합계,금천구,-,-,-,-,-,-,-,-,-,-,-,1937,1937,1937,2464,2464,2526,2464,2682,8496,8496
"분류식 (m)","오수관거",계획연장,합계,영등포구,-,-,-,-,-,-,-,-,-,-,-,1016,1025,1042,1176,1877,2485,1877,2863,3515,4063
"분류식 (m)","오수관거",계획연장,합계,동작구,-,-,-,-,-,-,-,-,-,-,2686,2762,2764,3376,3839,3839,3839,3839,4406,4986,4986
"분류식 (m)","오수관거",계획연장,합계,관악구,-,-,-,-,-,-,-,-,-,-,-,859,1617,1579,1623,1640,1762,1640,1762,13471,13471
"분류식 (m)","오수관거",계획연장,합계,서초구,-,-,-,-,15078,15078,15418,15418,15418,15418,35227,35477,35730,39713,40129,40144,45290,40144,46318,66685,66730
"분류식 (m)","오수관거",계획연장,합계,강남구,-,-,-,-,76483,76483,76483,76483,76483,76921,59457,59447,60608,60554,68703,69366,72995,69366,77480,88377,92899
"분류식 (m)","오수관거",계획연장,합계,송파구,-,-,-,-,102927,102927,102927,102927,102927,102927,84250,146089,148432,148792,148337,148337,148337,148337,153839,166888,167341
"분류식 (m)","오수관거",계획연장,합계,강동구,-,-,-,-,46926,46926,47104,47104,47104,47104,55348,60212,59126,59242,59779,59795,59906,59795,59795,63804,63780
"분류식 (m)","오수관거",계획연장,합계,중랑처리장,-,-,-,-,171416,171416,172746,173907,175922,182959,-,-,-,-,-,-,-,-,-,-,-
"분류식 (m)","오수관거",계획연장,합계,탄천처리장,-,-,-,-,87069,87069,88137,88766,88766,88610,-,-,-,-,-,-,-,-,-,-,-
"분류식 (m)","오수관거",계획연장,합계,서남처리장,-,-,-,-,90028,90740,90740,90667,90667,90667,-,-,-,-,-,-,-,-,-,-,-
"분류식 (m)","오수관거",계획연장,합계,난지처리장,-,-,-,-,93890,93944,93944,93971,93944,93299,-,-,-,-,-,-,-,-,-,-,-
"분류식 (m)","오수관거",시설연장,합계,소계,823988,834890,852695,876390,881130,882383,891766,894177,896138,902970,449565,519562,533967,572716,607291,609548,620392,632907,663226,781892,797869
"분류식 (m)","오수관거",시설연장,합계,종로구,-,-,-,-,-,-,-,-,-,-,-,1458,1437,1160,1150,1150,1188,1188,1196,5888,13345
"분류식 (m)","오수관거",시설연장,합계,중구,-,-,-,-,-,-,-,-,-,-,243,240,238,259,994,1064,1192,1192,1520,3151,3182
"분류식 (m)","오수관거",시설연장,합계,용산구,-,-,-,-,1270,1270,2338,2338,2338,2338,7568,7568,7969,7813,8062,8062,8064,8064,8364,8742,8742
"분류식 (m)","오수관거",시설연장,합계,성동구,-,-,-,-,-,-,-,-,-,-,-,513,481,1304,1553,1696,2141,2141,2309,3522,3522
"분류식 (m)","오수관거",시설연장,합계,광진구,-,-,-,-,-,-,-,-,-,-,-,1056,1056,1375,1375,1375,1375,1375,1375,1802,2923
"분류식 (m)","오수관거",시설연장,합계,동대문구,-,-,-,-,-,-,-,-,-,-,-,1812,1811,2204,2534,2534,2578,2578,2578,2643,2643
"분류식 (m)","오수관거",시설연장,합계,중랑구,-,-,-,-,8705,8705,8705,8705,8705,8705,8705,8181,8564,12390,12830,12830,13061,13061,13060,13194,13517
"분류식 (m)","오수관거",시설연장,합계,성북구,-,-,-,-,-,-,-,-,-,-,-,6588,6519,6564,6590,6948,6742,7568,9835,13423,13573
"분류식 (m)","오수관거",시설연장,합계,강북구,-,-,-,-,7542,7542,7542,7542,7542,7542,1081,2027,2027,2239,2240,2240,2240,2234,2234,5478,5478
"분류식 (m)","오수관거",시설연장,합계,도봉구,-,-,-,-,29163,29163,29163,29163,29163,29163,29163,17906,17862,18047,18039,18039,17983,18579,18579,20919,20930
"분류식 (m)","오수관거",시설연장,합계,노원구,-,-,-,-,56498,56498,56498,56588,57088,57088,57088,56572,57603,57941,61292,61292,61638,62545,63382,75382,75349
"분류식 (m)","오수관거",시설연장,합계,은평구,-,-,-,-,-,-,-,-,-,-,-,875,891,23576,24756,24756,24443,27811,27790,34019,35412
"분류식 (m)","오수관거",시설연장,합계,서대문구,-,-,-,-,-,-,309,734,-,-,1486,3718,5840,7400,9032,9032,9291,9413,9750,10713,10718
"분류식 (m)","오수관거",시설연장,합계,마포구,-,-,-,-,24532,24532,24532,24684,24684,24684,24684,16511,16376,16675,17316,17316,17316,17317,17505,18263,18198
"분류식 (m)","오수관거",시설연장,합계,양천구,-,-,-,-,46096,46096,46096,46096,46303,46303,38349,41522,43070,42327,47183,47455,47924,47790,49773,51864,51891
"분류식 (m)","오수관거",시설연장,합계,강서구,-,-,-,-,23507,23994,29084,29084,29084,29242,40566,41522,46045,49275,60075,60075,60064,64606,78784,81232,81246
"분류식 (m)","오수관거",시설연장,합계,구로구,-,-,-,-,-,-,-,-,-,-,3664,3691,4936,5932,6223,6223,6223,6223,6468,15435,15435
"분류식 (m)","오수관거",시설연장,합계,금천구,-,-,-,-,-,-,-,-,-,-,-,1937,1937,1937,2464,2464,2526,2541,2682,8496,8496
"분류식 (m)","오수관거",시설연장,합계,영등포구,-,-,-,-,-,-,-,-,-,-,-,1016,1025,1042,1176,1877,2485,2853,2863,3515,4063
"분류식 (m)","오수관거",시설연장,합계,동작구,-,-,-,-,-,-,-,-,-,-,2686,2762,2764,3376,3839,3839,3717,4406,4406,4986,4986
"분류식 (m)","오수관거",시설연장,합계,관악구,-,-,-,-,-,-,-,-,-,-,-,859,1617,1579,1623,1640,1762,1762,1762,13471,13471
"분류식 (m)","오수관거",시설연장,합계,서초구,-,-,-,-,15078,15078,15418,15418,15418,15418,35227,35477,35730,39713,40129,40144,45290,46309,46318,66685,66730
"분류식 (m)","오수관거",시설연장,합계,강남구,-,-,-,-,76483,76483,76483,76483,76483,76921,59457,59447,60608,60554,68703,69366,72995,73146,77480,88377,92899
"분류식 (m)","오수관거",시설연장,합계,송파구,-,-,-,-,102927,102927,102927,102927,102927,102927,84250,146089,148432,148792,148337,148337,148247,148297,153839,166888,167341
"분류식 (m)","오수관거",시설연장,합계,강동구,-,-,-,-,46926,46926,47104,47104,47104,47104,55348,60212,59126,59242,59779,59795,59906,59908,59374,63804,63780
"분류식 (m)","오수관거",시설연장,합계,중랑처리장,-,-,-,-,171416,171416,172746,173907,175922,182959,-,-,-,-,-,-,-,-,-,-,-
"분류식 (m)","오수관거",시설연장,합계,탄천처리장,-,-,-,-,87069,87069,88137,88766,88766,88610,-,-,-,-,-,-,-,-,-,-,-
"분류식 (m)","오수관거",시설연장,합계,서남처리장,-,-,-,-,90028,90740,90740,90667,90667,90667,-,-,-,-,-,-,-,-,-,-,-
"분류식 (m)","오수관거",시설연장,합계,난지처리장,-,-,-,-,93890,93944,93944,93971,93944,93299,-,-,-,-,-,-,-,-,-,-,-
"분류식 (m)","오수관거",사각형 암거,합계,소계,257818,259618,184425,271698,274304,274767,274791,173340,272201,275862,8298,139,2747,2363,2363,2363,2363,2289,2088,42806,43318
"분류식 (m)","오수관거",사각형 암거,합계,종로구,-,-,-,-,-,-,-,-,-,-,-,-,-,-,-,-,-,-,0,4579,4862
"분류식 (m)","오수관거",사각형 암거,합계,중구,-,-,-,-,-,-,-,-,-,-,-,-,-,-,-,-,-,-,0,1515,1515
"분류식 (m)","오수관거",사각형 암거,합계,용산구,-,-,-,-,-,-,-,-,-,-,-,-,-,-,-,-,-,-,0,378,378
"분류식 (m)","오수관거",사각형 암거,합계,성동구,-,-,-,-,-,-,-,-,-,-,-,-,-,-,-,-,-,-,0,-,-
"분류식 (m)","오수관거",사각형 암거,합계,광진구,-,-,-,-,-,-,-,-,-,-,-,-,-,-,-,-,-,-,0,87,87
"분류식 (m)","오수관거",사각형 암거,합계,동대문구,-,-,-,-,-,-,-,-,-,-,-,-,-,-,-,-,-,-,0,-,-
"분류식 (m)","오수관거",사각형 암거,합계,중랑구,-,-,-,-,-,-,-,-,-,-,-,-,-,-,-,-,-,-,0,-,-
"분류식 (m)","오수관거",사각형 암거,합계,성북구,-,-,-,-,-,-,-,-,-,-,-,6,-,-,-,-,-,-,0,1750,1750
"분류식 (m)","오수관거",사각형 암거,합계,강북구,-,-,-,-,-,-,-,-,-,-,-,-,-,-,-,-,-,-,0,3288,3288
"분류식 (m)","오수관거",사각형 암거,합계,도봉구,-,-,-,-,-,-,-,-,-,-,-,-,-,-,-,-,-,-,0,2,2
"분류식 (m)","오수관거",사각형 암거,합계,노원구,-,-,-,-,-,-,-,-,-,-,-,90,90,90,90,90,90,16,16,6841,6828
"분류식 (m)","오수관거",사각형 암거,합계,은평구,-,-,-,-,-,-,-,-,-,-,-,-,-,-,-,-,-,-,0,2546,2546
"분류식 (m)","오수관거",사각형 암거,합계,서대문구,-,-,-,-,-,-,-,-,-,-,-,-,2,2,2,2,2,2,2,589,589
"분류식 (m)","오수관거",사각형 암거,합계,마포구,-,-,-,-,-,-,-,-,-,-,-,-,-,-,-,-,-,-,0,320,320
"분류식 (m)","오수관거",사각형 암거,합계,양천구,-,-,-,-,1910,1910,1910,1910,1910,1910,-,-,790,-,-,-,-,-,0,457,457
"분류식 (m)","오수관거",사각형 암거,합계,강서구,-,-,-,-,1650,1650,1650,1650,1650,1650,1972,-,1830,1802,1802,1802,1802,1802,1601,2424,2424
"분류식 (m)","오수관거",사각형 암거,합계,구로구,-,-,-,-,-,-,-,-,-,-,-,-,-,-,-,-,-,-,0,386,386
"분류식 (m)","오수관거",사각형 암거,합계,금천구,-,-,-,-,-,-,-,-,-,-,-,-,-,-,-,-,-,-,0,2996,2996
"분류식 (m)","오수관거",사각형 암거,합계,영등포구,-,-,-,-,-,-,-,-,-,-,-,-,-,-,-,-,-,-,0,429,429
"분류식 (m)","오수관거",사각형 암거,합계,동작구,-,-,-,-,-,-,-,-,-,-,-,3,3,-,-,-,-,-,0,342,342
"분류식 (m)","오수관거",사각형 암거,합계,관악구,-,-,-,-,-,-,-,-,-,-,-,-,-,-,-,-,-,-,0,8329,8329
"분류식 (m)","오수관거",사각형 암거,합계,서초구,-,-,-,-,-,-,24,-,-,-,23,23,23,23,23,23,23,23,23,4870,4870
"분류식 (m)","오수관거",사각형 암거,합계,강남구,-,-,-,-,-,-,-,-,-,-,-,-,-,-,-,-,-,-,0,-,241
"분류식 (m)","오수관거",사각형 암거,합계,송파구,-,-,-,-,6350,6350,6350,6350,6350,6350,6303,16,8,446,446,446,446,446,446,676,676
"분류식 (m)","오수관거",사각형 암거,합계,강동구,-,-,-,-,-,-,-,-,-,-,-,-,-,-,-,-,-,-,0,2,2
"분류식 (m)","오수관거",사각형 암거,합계,중랑처리장,-,-,-,-,92659,92659,92659,50395,93500,95072,-,-,-,-,-,-,-,-,-,-,-
"분류식 (m)","오수관거",사각형 암거,합계,탄천처리장,-,-,-,-,25976,25976,25976,24876,25976,25976,-,-,-,-,-,-,-,-,-,-,-
"분류식 (m)","오수관거",사각형 암거,합계,서남처리장,-,-,-,-,69252,69715,69715,50396,69094,69094,-,-,-,-,-,-,-,-,-,-,-
"분류식 (m)","오수관거",사각형 암거,합계,난지처리장,-,-,-,-,76507,76507,76507,37763,73721,75810,-,-,-,-,-,-,-,-,-,-,-
"분류식 (m)","오수관거",원형 암거,합계,소계,566270,575272,668270,604692,606826,607616,616975,621925,623937,627108,441267,519423,531220,570353,604928,607184,618028,630618,661138,739086,754552
"분류식 (m)","오수관거",원형 암거,합계,종로구,-,-,-,-,-,-,-,-,-,-,-,1458,1437,1160,1150,1150,1188,1188,1196,1309,8483
"분류식 (m)","오수관거",원형 암거,합계,중구,-,-,-,-,-,-,-,-,-,-,243,240,238,259,994,1064,1192,1192,1520,1636,1667
"분류식 (m)","오수관거",원형 암거,합계,용산구,-,-,-,-,1270,1270,2338,2338,2338,2338,7568,7568,7969,7813,8062,8062,8064,8064,8364,8364,8364
"분류식 (m)","오수관거",원형 암거,합계,성동구,-,-,-,-,-,-,-,-,-,-,-,513,481,1304,1553,1696,2141,2141,2309,3522,3522
"분류식 (m)","오수관거",원형 암거,합계,광진구,-,-,-,-,-,-,-,-,-,-,-,1056,1056,1375,1375,1375,1375,1375,1375,1715,2837
"분류식 (m)","오수관거",원형 암거,합계,동대문구,-,-,-,-,-,-,-,-,-,-,-,1812,1811,2204,2534,2534,2578,2578,2578,2643,2643
"분류식 (m)","오수관거",원형 암거,합계,중랑구,-,-,-,-,8705,8705,8705,8705,8705,8705,8705,8181,8564,12390,12830,12830,13061,13061,13060,13194,13517
"분류식 (m)","오수관거",원형 암거,합계,성북구,-,-,-,-,-,-,-,-,-,-,-,6582,6519,6564,6590,6948,6742,7568,9835,11673,11824
"분류식 (m)","오수관거",원형 암거,합계,강북구,-,-,-,-,7542,7542,7542,7542,7542,7542,1081,2027,2027,2239,2240,2240,2240,2234,2234,2190,2190
"분류식 (m)","오수관거",원형 암거,합계,도봉구,-,-,-,-,29163,29163,29163,29163,29163,29163,29163,17906,17862,18047,18039,18039,17983,18579,18579,20917,20929
"분류식 (m)","오수관거",원형 암거,합계,노원구,-,-,-,-,56498,56498,56498,56588,57088,57088,57088,56482,57513,57851,61201,61201,61548,62529,63366,68542,68521
"분류식 (m)","오수관거",원형 암거,합계,은평구,-,-,-,-,-,-,-,-,-,-,-,875,891,23576,24756,24756,24443,27811,27790,31474,32866
"분류식 (m)","오수관거",원형 암거,합계,서대문구,-,-,-,-,-,-,309,734,-,-,1486,3718,5838,7398,9030,9030,9289,9411,9748,10124,10129
"분류식 (m)","오수관거",원형 암거,합계,마포구,-,-,-,-,24532,24532,24532,24684,24684,24684,24684,16511,16376,16675,17316,17316,17316,17317,17505,17943,17877
"분류식 (m)","오수관거",원형 암거,합계,양천구,-,-,-,-,44186,44186,44186,44186,44393,44393,38349,41522,42280,42327,47183,47455,47924,47790,49773,51407,51434
"분류식 (m)","오수관거",원형 암거,합계,강서구,-,-,-,-,21857,22344,27434,27434,27434,27592,38595,41522,44214,47473,58273,58273,58261,62804,77183,78807,78822
"분류식 (m)","오수관거",원형 암거,합계,구로구,-,-,-,-,-,-,-,-,-,-,3664,3691,4936,5932,6223,6223,6223,6223,6468,15049,15049
"분류식 (m)","오수관거",원형 암거,합계,금천구,-,-,-,-,-,-,-,-,-,-,-,1937,1937,1937,2464,2464,2526,2541,2682,5500,5500
"분류식 (m)","오수관거",원형 암거,합계,영등포구,-,-,-,-,-,-,-,-,-,-,-,1016,1025,1042,1176,1877,2485,2853,2863,3086,3633
"분류식 (m)","오수관거",원형 암거,합계,동작구,-,-,-,-,-,-,-,-,-,-,2686,2759,2761,3376,3839,3839,3717,4406,4406,4644,4644
"분류식 (m)","오수관거",원형 암거,합계,관악구,-,-,-,-,-,-,-,-,-,-,-,859,1617,1579,1623,1640,1762,1762,1762,5142,5142
"분류식 (m)","오수관거",원형 암거,합계,서초구,-,-,-,-,15078,15078,15394,15394,15418,15418,35204,35454,35707,39690,40106,40121,45267,46286,46295,61815,61860
"분류식 (m)","오수관거",원형 암거,합계,강남구,-,-,-,-,76483,76483,76483,76483,76483,76921,59457,59447,60608,60554,68703,69366,72995,73146,77480,88377,92658
"분류식 (m)","오수관거",원형 암거,합계,송파구,-,-,-,-,96577,96577,96577,96577,96577,96577,77947,146073,148424,148346,147891,147891,147801,147851,153393,166212,166665
"분류식 (m)","오수관거",원형 암거,합계,강동구,-,-,-,-,46926,46926,47104,47104,47104,47104,55348,60212,59126,59242,59779,59795,59906,59908,59374,63802,63778
"분류식 (m)","오수관거",원형 암거,합계,중랑처리장,-,-,-,-,78757,78757,80087,80407,82422,87887,-,-,-,-,-,-,-,-,-,-,-
"분류식 (m)","오수관거",원형 암거,합계,탄천처리장,-,-,-,-,61093,61093,62161,62790,62790,62634,-,-,-,-,-,-,-,-,-,-,-
"분류식 (m)","오수관거",원형 암거,합계,서남처리장,-,-,-,-,20776,21025,21025,21573,21573,21573,-,-,-,-,-,-,-,-,-,-,-
"분류식 (m)","오수관거",원형 암거,합계,난지처리장,-,-,-,-,17383,17437,17437,20223,20223,17489,-,-,-,-,-,-,-,-,-,-,-
"분류식 (m)","우수관거",계획연장,합계,소계,518462,520643,540878,562394,565846,566312,573235,574018,574850,574850,510080,300104,363254,391965,442981,451214,565579,450607,621531,547869,594115
"분류식 (m)","우수관거",계획연장,합계,종로구,-,-,-,-,-,-,-,-,-,-,15943,17623,16093,15685,15473,15605,21963,15605,22077,17355,17299
"분류식 (m)","우수관거",계획연장,합계,중구,-,-,-,-,-,-,-,-,-,-,3851,3705,3705,3608,3497,3712,5088,3712,5607,3972,3972
"분류식 (m)","우수관거",계획연장,합계,용산구,-,-,-,-,1270,1270,1270,1270,1270,1270,10301,10357,9590,9768,9788,9788,9969,9788,10027,9788,9788
"분류식 (m)","우수관거",계획연장,합계,성동구,-,-,-,-,-,-,-,-,-,-,3894,3961,3834,5782,5712,5731,6964,5731,6669,5731,5731
"분류식 (m)","우수관거",계획연장,합계,광진구,-,-,-,-,-,-,-,-,-,-,392,392,417,416,607,607,1458,-,4973,3830,3830
"분류식 (m)","우수관거",계획연장,합계,동대문구,-,-,-,-,-,-,-,-,-,-,2139,3711,3692,3925,3880,3880,3882,3880,3885,3880,3880
"분류식 (m)","우수관거",계획연장,합계,중랑구,-,-,-,-,13148,13148,13148,13148,13148,13148,12837,3102,3465,10055,10136,10136,10500,10136,10636,11495,15146
"분류식 (m)","우수관거",계획연장,합계,성북구,-,-,-,-,-,-,-,-,-,-,9951,9130,9126,8934,8715,8820,11043,8820,13151,12042,12009
"분류식 (m)","우수관거",계획연장,합계,강북구,-,-,-,-,12790,12790,12790,12790,12790,12790,1157,1369,1369,1359,1469,1469,4788,1469,4697,1469,1469
"분류식 (m)","우수관거",계획연장,합계,도봉구,-,-,-,-,16785,16785,16785,16785,16785,16785,18358,5376,5366,5144,5144,5144,7471,5144,7306,5314,5307
"분류식 (m)","우수관거",계획연장,합계,노원구,-,-,-,-,144140,144140,144140,144239,145346,145346,141242,3556,17194,17518,17086,17086,26807,17086,28219,17303,19009
"분류식 (m)","우수관거",계획연장,합계,은평구,-,-,-,-,-,-,-,-,-,-,829,876,816,30340,31567,31567,38198,31567,37829,31567,32012
"분류식 (m)","우수관거",계획연장,합계,서대문구,-,-,-,-,-,-,319,319,-,-,6017,5442,6980,7211,10156,10156,10156,10156,11386,11861,11861
"분류식 (m)","우수관거",계획연장,합계,마포구,-,-,-,-,49181,49181,49181,49375,49419,49419,49329,28565,28852,31505,32619,32619,33352,32619,33223,32619,32619
"분류식 (m)","우수관거",계획연장,합계,양천구,-,-,-,-,45378,45378,45378,45868,45868,45868,13067,13318,13913,13790,13766,14128,15187,14128,19062,19245,19244
"분류식 (m)","우수관거",계획연장,합계,강서구,-,-,-,-,53928,54394,60828,60828,60828,60828,48253,12213,49437,46525,63544,65940,71871,65940,90035,87170,86854
"분류식 (m)","우수관거",계획연장,합계,구로구,-,-,-,-,-,-,-,-,-,-,12379,12404,14740,16664,19971,19971,23288,19971,24994,28747,28747
"분류식 (m)","우수관거",계획연장,합계,금천구,-,-,-,-,-,-,-,-,-,-,3566,3958,4588,3378,16821,16694,16694,16694,16694,16694,16694
"분류식 (m)","우수관거",계획연장,합계,영등포구,-,-,-,-,-,-,-,-,-,-,2365,3827,3853,3853,2680,3102,3564,3102,3572,3340,7697
"분류식 (m)","우수관거",계획연장,합계,동작구,-,-,-,-,-,-,-,-,-,-,1638,2173,2173,2292,2292,2292,2581,2292,3884,4677,4676
"분류식 (m)","우수관거",계획연장,합계,관악구,-,-,-,-,-,-,-,-,-,-,1235,1274,1201,1096,1286,1387,10380,1387,12510,2318,3272
"분류식 (m)","우수관거",계획연장,합계,서초구,-,-,-,-,11583,11583,11583,11583,11583,11583,9292,10049,14142,18259,19455,21264,48177,21264,48660,36223,48824
"분류식 (m)","우수관거",계획연장,합계,강남구,-,-,-,-,47249,47249,47249,47249,47249,47249,16386,16642,17622,17696,26203,26203,43166,26203,43794,36227,56955
"분류식 (m)","우수관거",계획연장,합계,송파구,-,-,-,-,112590,112590,112590,112590,112590,112590,99991,99809,103969,90137,91642,91642,103268,91642,119365,108624,109400
"분류식 (m)","우수관거",계획연장,합계,강동구,-,-,-,-,57804,57804,57974,57974,57974,57974,25669,27275,27118,27025,29472,32271,35763,32271,39278,36378,37821
"분류식 (m)","우수관거",시설연장,합계,소계,518462,520643,540878,562394,565846,566312,573235,574018,574850,574864,510080,300104,363254,391965,442981,451214,563167,565160,620779,540375,586592
"분류식 (m)","우수관거",시설연장,합계,종로구,-,-,-,-,-,-,-,-,-,-,15943,17623,16093,15685,15473,15605,21963,21931,22077,17355,17299
"분류식 (m)","우수관거",시설연장,합계,중구,-,-,-,-,-,-,-,-,-,-,3851,3705,3705,3608,3497,3712,5088,5174,5607,3972,3972
"분류식 (m)","우수관거",시설연장,합계,용산구,-,-,-,-,1270,1270,1270,1270,1270,1270,10301,10357,9590,9768,9788,9788,9969,9969,10027,9634,9601
"분류식 (m)","우수관거",시설연장,합계,성동구,-,-,-,-,-,-,-,-,-,-,3894,3961,3834,5782,5712,5731,6964,7532,6669,5589,5537
"분류식 (m)","우수관거",시설연장,합계,광진구,-,-,-,-,-,-,-,-,-,-,392,392,417,416,607,607,1458,773,4973,3830,3830
"분류식 (m)","우수관거",시설연장,합계,동대문구,-,-,-,-,-,-,-,-,-,-,2139,3711,3692,3925,3880,3880,3882,3885,3885,3793,3243
"분류식 (m)","우수관거",시설연장,합계,중랑구,-,-,-,-,13148,13148,13148,13148,13148,13148,12837,3102,3465,10055,10136,10136,10500,10500,10636,11495,15146
"분류식 (m)","우수관거",시설연장,합계,성북구,-,-,-,-,-,-,-,-,-,-,9951,9130,9126,8934,8715,8820,11043,11722,13151,12042,12009
"분류식 (m)","우수관거",시설연장,합계,강북구,-,-,-,-,12790,12790,12790,12790,12790,12790,1157,1369,1369,1359,1469,1469,4788,4774,4697,1357,1357
"분류식 (m)","우수관거",시설연장,합계,도봉구,-,-,-,-,16785,16785,16785,16785,16785,16785,18358,5376,5366,5144,5144,5144,7471,7532,7306,5314,5307
"분류식 (m)","우수관거",시설연장,합계,노원구,-,-,-,-,144140,144140,144140,144239,145346,145346,141242,3556,17194,17518,17086,17086,26807,27444,28219,17303,19009
"분류식 (m)","우수관거",시설연장,합계,은평구,-,-,-,-,-,-,-,-,-,-,829,876,816,30340,31567,31567,38198,36423,37829,31027,32012
"분류식 (m)","우수관거",시설연장,합계,서대문구,-,-,-,-,-,-,319,319,-,-,6017,5442,6980,7211,10156,10156,9800,11084,11386,11861,11861
"분류식 (m)","우수관거",시설연장,합계,마포구,-,-,-,-,49181,49181,49181,49375,49419,49419,49329,28565,28852,31505,32619,32619,33352,33289,33223,32516,32489
"분류식 (m)","우수관거",시설연장,합계,양천구,-,-,-,-,45378,45378,45378,45868,45868,45868,13067,13318,13913,13790,13766,14128,15187,15187,19062,19245,19244
"분류식 (m)","우수관거",시설연장,합계,강서구,-,-,-,-,53928,54394,60828,60828,60828,60842,48253,12213,49437,46525,63544,65940,71871,67334,90035,87170,86854
"분류식 (m)","우수관거",시설연장,합계,구로구,-,-,-,-,-,-,-,-,-,-,12379,12404,14740,16664,19971,19971,23288,23939,24994,28747,28747
"분류식 (m)","우수관거",시설연장,합계,금천구,-,-,-,-,-,-,-,-,-,-,3566,3958,4588,3378,16821,16694,14637,14672,15942,10337,10430
"분류식 (m)","우수관거",시설연장,합계,영등포구,-,-,-,-,-,-,-,-,-,-,2365,3827,3853,3853,2680,3102,3564,3564,3572,3340,7697
"분류식 (m)","우수관거",시설연장,합계,동작구,-,-,-,-,-,-,-,-,-,-,1638,2173,2173,2292,2292,2292,2581,3539,3884,4677,4676
"분류식 (m)","우수관거",시설연장,합계,관악구,-,-,-,-,-,-,-,-,-,-,1235,1274,1201,1096,1286,1387,10380,10380,12510,2318,3272
"분류식 (m)","우수관거",시설연장,합계,서초구,-,-,-,-,11583,11583,11583,11583,11583,11583,9292,10049,14142,18259,19455,21264,48177,47605,48660,36223,48824
"분류식 (m)","우수관거",시설연장,합계,강남구,-,-,-,-,47249,47249,47249,47249,47249,47249,16386,16642,17622,17696,26203,26203,43166,43747,43794,36227,56955
"분류식 (m)","우수관거",시설연장,합계,송파구,-,-,-,-,112590,112590,112590,112590,112590,112590,99991,99809,103969,90137,91642,91642,103268,105806,119365,108624,109400
"분류식 (m)","우수관거",시설연장,합계,강동구,-,-,-,-,57804,57804,57974,57974,57974,57974,25669,27275,27118,27025,29472,32271,35763,37354,39278,36378,37821
"분류식 (m)","우수관거",사각형 암거,합계,소계,77340,76662,80155,83579,83579,161624,85464,85464,85464,85464,64556,26969,37235,33711,45442,45913,86449,86639,95232,51334,51377
"분류식 (m)","우수관거",사각형 암거,합계,종로구,-,-,-,-,-,83579,-,-,-,-,-,-,-,-,-,-,4579,4579,4578,-,-
"분류식 (m)","우수관거",사각형 암거,합계,중구,-,-,-,-,-,-,-,-,-,-,-,-,-,-,-,-,1507,1507,1515,-,-
"분류식 (m)","우수관거",사각형 암거,합계,용산구,-,-,-,-,-,-,-,-,-,-,-,-,-,-,-,-,378,378,378,-,-
"분류식 (m)","우수관거",사각형 암거,합계,성동구,-,-,-,-,-,-,-,-,-,-,-,-,-,1099,1099,1099,1234,1234,339,339,339
"분류식 (m)","우수관거",사각형 암거,합계,광진구,-,-,-,-,-,-,-,-,-,-,-,-,-,-,-,-,772,87,87,-,-
"분류식 (m)","우수관거",사각형 암거,합계,동대문구,-,-,-,-,-,-,-,-,-,-,-,-,-,-,-,-,-,-,0,-,-
"분류식 (m)","우수관거",사각형 암거,합계,중랑구,-,-,-,-,580,-,580,580,580,580,580,-,-,2427,2427,2427,2427,2427,2505,2436,2505
"분류식 (m)","우수관거",사각형 암거,합계,성북구,-,-,-,-,-,580,-,-,-,-,-,-,-,-,-,-,1750,1750,1750,-,-
"분류식 (m)","우수관거",사각형 암거,합계,강북구,-,-,-,-,-,-,-,-,-,-,-,-,-,-,-,-,3288,3288,3288,-,-
"분류식 (m)","우수관거",사각형 암거,합계,도봉구,-,-,-,-,1269,-,1269,1269,1269,1269,1269,157,157,157,157,157,162,162,162,157,157
"분류식 (m)","우수관거",사각형 암거,합계,노원구,-,-,-,-,19830,1269,19830,19830,19830,19830,19830,-,291,295,295,295,6414,6609,6609,375,375
"분류식 (m)","우수관거",사각형 암거,합계,은평구,-,-,-,-,-,19830,-,-,-,-,-,-,-,1950,2013,2013,4126,4126,4497,230,230
"분류식 (m)","우수관거",사각형 암거,합계,서대문구,-,-,-,-,-,-,-,-,-,-,-,-,865,-,1763,1763,1474,1474,1505,918,918
"분류식 (m)","우수관거",사각형 암거,합계,마포구,-,-,-,-,7983,-,7983,7983,7983,7983,7983,767,767,767,767,767,1712,1712,1712,648,648
"분류식 (m)","우수관거",사각형 암거,합계,양천구,-,-,-,-,14657,7983,14657,14657,14657,14657,1596,1596,1596,1728,1728,1728,2185,2185,2185,1728,1728
"분류식 (m)","우수관거",사각형 암거,합계,강서구,-,-,-,-,12475,14657,14360,14360,14360,14360,9916,1596,9772,7996,12693,12840,13665,13665,20504,17800,17773
"분류식 (m)","우수관거",사각형 암거,합계,구로구,-,-,-,-,-,12475,-,-,-,-,1667,1667,2488,2488,2489,2489,2587,2587,2875,3080,3080
"분류식 (m)","우수관거",사각형 암거,합계,금천구,-,-,-,-,-,-,-,-,-,-,-,571,697,-,1505,1505,3945,3945,3945,949,949
"분류식 (m)","우수관거",사각형 암거,합계,영등포구,-,-,-,-,-,-,-,-,-,-,-,-,-,-,179,179,609,609,609,179,179
"분류식 (m)","우수관거",사각형 암거,합계,동작구,-,-,-,-,-,-,-,-,-,-,-,67,67,67,67,67,409,587,587,242,242
"분류식 (m)","우수관거",사각형 암거,합계,관악구,-,-,-,-,-,-,-,-,-,-,-,-,-,-,-,-,8329,8329,8329,-,-
"분류식 (m)","우수관거",사각형 암거,합계,서초구,-,-,-,-,1561,-,1561,1561,1561,1561,-,-,16,745,761,761,5065,5065,5276,1618,1618
"분류식 (m)","우수관거",사각형 암거,합계,강남구,-,-,-,-,5660,1561,5660,5660,5660,5660,1254,1254,1254,1254,4761,4761,6862,6862,6862,6862,6862
"분류식 (m)","우수관거",사각형 암거,합계,송파구,-,-,-,-,14030,5660,14030,14030,14030,14030,14030,12701,12704,6178,6178,6178,6408,6750,8413,6960,6960
"분류식 (m)","우수관거",사각형 암거,합계,강동구,-,-,-,-,5534,14030,5534,5534,5534,5534,6432,6593,6560,6560,6560,6883,6563,6724,6724,6813,6814
"분류식 (m)","우수관거",원형 암거,합계,소계,416514,419248,435594,452984,456387,867906,907453,462669,463501,463515,331951,159758,211518,244206,284168,290236,362108,363940,410814,374401,419452
"분류식 (m)","우수관거",원형 암거,합계,종로구,-,-,-,-,-,456853,-,-,-,-,-,297,297,297,329,329,474,474,621,476,476
"분류식 (m)","우수관거",원형 암거,합계,중구,-,-,-,-,-,-,-,-,-,-,600,617,617,597,592,819,786,786,1302,1186,1186
"분류식 (m)","우수관거",원형 암거,합계,용산구,-,-,-,-,1270,1270,1270,1270,1270,1270,272,41,15,41,130,130,41,41,99,99,99
"분류식 (m)","우수관거",원형 암거,합계,성동구,-,-,-,-,-,-,-,-,-,-,-,403,403,2331,2484,2503,3695,4263,4296,3216,3216
"분류식 (m)","우수관거",원형 암거,합계,광진구,-,-,-,-,-,-,-,-,-,-,-,-,25,25,216,216,295,295,4494,3439,3439
"분류식 (m)","우수관거",원형 암거,합계,동대문구,-,-,-,-,-,-,-,-,-,-,-,1572,1553,1553,1508,1508,1576,1576,1576,1513,1438
"분류식 (m)","우수관거",원형 암거,합계,중랑구,-,-,-,-,9907,-,9907,9907,9907,9907,9907,752,1112,5901,5982,5982,6038,6038,6047,6976,10648
"분류식 (m)","우수관거",원형 암거,합계,성북구,-,-,-,-,-,9907,-,-,-,-,-,274,274,255,274,424,945,1661,3089,3733,3733
"분류식 (m)","우수관거",원형 암거,합계,강북구,-,-,-,-,12725,-,12725,12725,12725,12725,-,212,212,212,212,212,243,225,225,215,215
"분류식 (m)","우수관거",원형 암거,합계,도봉구,-,-,-,-,15306,12725,15306,15306,15306,15306,15306,3138,3129,3127,3127,3127,5234,5312,5318,3375,3378
"분류식 (m)","우수관거",원형 암거,합계,노원구,-,-,-,-,117188,15306,117188,117287,118394,118394,118394,727,13271,13131,12702,12702,17665,18109,18884,14202,14512
"분류식 (m)","우수관거",원형 암거,합계,은평구,-,-,-,-,-,117188,-,-,-,-,-,-,-,27332,28508,28508,33027,31252,32347,30006,30991
"분류식 (m)","우수관거",원형 암거,합계,서대문구,-,-,-,-,-,-,319,319,-,-,2665,2665,2682,2654,4163,4163,4227,5511,5911,6974,6974
"분류식 (m)","우수관거",원형 암거,합계,마포구,-,-,-,-,40100,-,40100,40294,40338,40338,40338,25983,25664,28513,29631,29631,29418,29391,29390,29749,29749
"분류식 (m)","우수관거",원형 암거,합계,양천구,-,-,-,-,26504,40100,26504,26994,26994,26994,8807,9098,9693,9105,9082,9586,10239,10239,14027,14667,14667
"분류식 (m)","우수관거",원형 암거,합계,강서구,-,-,-,-,39077,26504,44092,44092,44092,44106,36824,9098,38152,37064,49385,51634,56740,52203,68057,67896,67607
"분류식 (m)","우수관거",원형 암거,합계,구로구,-,-,-,-,-,39543,-,-,-,-,5313,5337,6852,8803,10113,10113,13282,13933,14700,18281,18281
"분류식 (m)","우수관거",원형 암거,합계,금천구,-,-,-,-,-,-,-,-,-,-,-,2216,1045,1033,14135,14135,9639,9673,10943,8161,8253
"분류식 (m)","우수관거",원형 암거,합계,영등포구,-,-,-,-,-,-,-,-,-,-,-,1462,1488,1488,154,577,609,609,617,814,3511
"분류식 (m)","우수관거",원형 암거,합계,동작구,-,-,-,-,-,-,-,-,-,-,1033,1500,1500,1620,1620,1620,1567,2347,2693,3841,3840
"분류식 (m)","우수관거",원형 암거,합계,관악구,-,-,-,-,-,-,-,-,-,-,-,120,120,-,-,20,684,684,2819,956,1909
"분류식 (m)","우수관거",원형 암거,합계,서초구,-,-,-,-,9471,-,9471,9471,9471,9471,267,91,4245,6804,7424,7424,30205,29633,29807,20918,34073
"분류식 (m)","우수관거",원형 암거,합계,강남구,-,-,-,-,41589,9471,41589,41589,41589,41589,5822,5822,6802,7363,13988,13988,29171,29753,29799,22232,43562
"분류식 (m)","우수관거",원형 암거,합계,송파구,-,-,-,-,97450,41589,97450,97450,97450,97450,75010,76199,80150,72845,73850,73850,85473,87668,99564,90277,91052
"분류식 (m)","우수관거",원형 암거,합계,강동구,-,-,-,-,45800,97450,45965,45965,45965,45965,11393,12134,12216,12112,14558,17034,20835,22265,24189,21200,22642
"분류식 (m)","우수관거",원형 암거,합계,중랑처리장,-,-,-,-,-,-,172746,-,-,-,-,-,-,-,-,-,-,-,-,-,-
"분류식 (m)","우수관거",원형 암거,합계,탄천처리장,-,-,-,-,-,-,88137,-,-,-,-,-,-,-,-,-,-,-,-,-,-
"분류식 (m)","우수관거",원형 암거,합계,서남처리장,-,-,-,-,-,-,90740,-,-,-,-,-,-,-,-,-,-,-,-,-,-
"분류식 (m)","우수관거",원형 암거,합계,난지처리장,-,-,-,-,-,-,93944,-,-,-,-,-,-,-,-,-,-,-,-,-,-
"분류식 (m)","우수관거",개거,합계,소계,3077,3077,3077,3077,3077,6154,448644,3147,3077,3077,51184,49043,50568,47331,44800,44502,42479,42330,42095,42015,41040
"분류식 (m)","우수관거",개거,합계,종로구,-,-,-,-,-,3077,-,-,-,-,7063,6897,6897,5464,5222,5222,4968,4937,4937,4937,4937
"분류식 (m)","우수관거",개거,합계,중구,-,-,-,-,-,-,-,-,-,-,2032,1905,1905,1828,1630,1630,1630,1630,1538,1534,1534
"분류식 (m)","우수관거",개거,합계,용산구,-,-,-,-,-,-,-,-,-,-,4403,4403,4403,4403,4403,4403,4403,4403,4403,4403,4403
"분류식 (m)","우수관거",개거,합계,성동구,-,-,-,-,-,-,-,-,-,-,464,520,398,398,398,398,398,398,398,398,398
"분류식 (m)","우수관거",개거,합계,광진구,-,-,-,-,-,-,-,-,-,-,153,153,153,153,153,153,153,153,153,153,153
"분류식 (m)","우수관거",개거,합계,동대문구,-,-,-,-,-,-,-,-,-,-,1898,1898,1898,1898,1898,1898,1898,1902,1902,1902,1426
"분류식 (m)","우수관거",개거,합계,중랑구,-,-,-,-,-,-,-,-,-,-,2322,2322,2322,1696,1696,1696,1696,1696,1716,1716,1625
"분류식 (m)","우수관거",개거,합계,성북구,-,-,-,-,-,-,-,-,-,-,3936,2942,2942,2563,2563,2563,2563,2563,2563,2569,2483
"분류식 (m)","우수관거",개거,합계,강북구,-,-,-,-,-,-,-,-,-,-,645,645,645,645,645,645,645,649,620,620,620
"분류식 (m)","우수관거",개거,합계,도봉구,-,-,-,-,-,-,-,-,-,-,670,723,723,503,503,503,723,706,706,699,699
"분류식 (m)","우수관거",개거,합계,노원구,-,-,-,-,-,-,-,-,-,-,2480,2509,2780,3000,2864,2864,1502,1393,1393,1393,1393
"분류식 (m)","우수관거",개거,합계,은평구,-,-,-,-,-,-,-,-,-,-,541,564,503,430,430,430,430,430,410,216,216
"분류식 (m)","우수관거",개거,합계,서대문구,-,-,-,-,-,-,-,-,-,-,627,491,492,601,649,649,518,518,407,407,407
"분류식 (m)","우수관거",개거,합계,마포구,-,-,-,-,-,-,-,-,-,-,476,476,476,276,216,216,216,216,216,207,207
"분류식 (m)","우수관거",개거,합계,양천구,-,-,-,-,2661,-,2661,2661,2661,2661,1460,1421,1421,1471,1471,1328,1278,1278,1278,1278,1277
"분류식 (m)","우수관거",개거,합계,강서구,-,-,-,-,-,2661,-,-,-,-,1222,1229,1222,1175,1175,1175,1175,1175,1175,1175,1175
"분류식 (m)","우수관거",개거,합계,구로구,-,-,-,-,-,-,-,-,-,-,1916,1916,1916,1865,2521,2521,2572,2572,2572,2537,2537
"분류식 (m)","우수관거",개거,합계,금천구,-,-,-,-,-,-,-,-,-,-,3543,1171,2687,2345,1180,1053,1053,1053,1053,1228,1228
"분류식 (m)","우수관거",개거,합계,영등포구,-,-,-,-,-,-,-,-,-,-,2350,2350,2350,2350,2331,2331,2331,2331,2331,2331,2331
"분류식 (m)","우수관거",개거,합계,동작구,-,-,-,-,-,-,-,-,-,-,462,462,462,462,462,462,462,462,462,450,450
"분류식 (m)","우수관거",개거,합계,관악구,-,-,-,-,-,-,-,-,-,-,1097,1016,943,943,899,870,870,870,866,866,866
"분류식 (m)","우수관거",개거,합계,서초구,-,-,-,-,416,-,416,416,416,416,5914,6699,6699,6541,6540,6540,6365,6365,6366,6366,6042
"분류식 (m)","우수관거",개거,합계,강남구,-,-,-,-,-,416,-,-,-,-,4303,4303,4303,4294,2924,2924,2603,2603,2603,2603,2603
"분류식 (m)","우수관거",개거,합계,송파구,-,-,-,-,-,-,-,-,-,-,359,370,370,370,370,370,370,370,370,370,370
"분류식 (m)","우수관거",개거,합계,강동구,-,-,-,-,-,-,-,-,-,-,847,1657,1657,1657,1657,1657,1657,1657,1657,1657,1657
"분류식 (m)","우수관거",개거,합계,중랑처리장,-,-,-,-,-,-,172746,-,-,-,-,-,-,-,-,-,-,-,-,-,-
"분류식 (m)","우수관거",개거,합계,탄천처리장,-,-,-,-,-,-,88137,70,-,-,-,-,-,-,-,-,-,-,-,-,-
"분류식 (m)","우수관거",개거,합계,서남처리장,-,-,-,-,-,-,90740,-,-,-,-,-,-,-,-,-,-,-,-,-,-
"분류식 (m)","우수관거",개거,합계,난지처리장,-,-,-,-,-,-,93944,-,-,-,-,-,-,-,-,-,-,-,-,-,-
"분류식 (m)","우수관거",측구,합계,소계,21531,21656,22052,22754,22803,39136,287665,121626,22808,22808,62388,64334,63934,66717,68570,70563,72131,72252,72639,72625,74724
"분류식 (m)","우수관거",측구,합계,종로구,-,-,-,-,-,22803,-,-,-,-,8881,10429,8899,9924,9921,10054,11942,11941,11941,11942,11886
"분류식 (m)","우수관거",측구,합계,중구,-,-,-,-,-,-,-,-,-,-,1219,1183,1183,1183,1276,1263,1166,1252,1252,1252,1252
"분류식 (m)","우수관거",측구,합계,용산구,-,-,-,-,-,-,-,-,-,-,5626,5913,5172,5324,5254,5254,5147,5147,5147,5132,5099
"분류식 (m)","우수관거",측구,합계,성동구,-,-,-,-,-,-,-,-,-,-,3429,3038,3032,1954,1730,1730,1637,1637,1636,1636,1584
"분류식 (m)","우수관거",측구,합계,광진구,-,-,-,-,-,-,-,-,-,-,238,238,238,238,238,238,238,238,238,238,238
"분류식 (m)","우수관거",측구,합계,동대문구,-,-,-,-,-,-,-,-,-,-,241,241,241,474,474,474,408,408,408,378,378
"분류식 (m)","우수관거",측구,합계,중랑구,-,-,-,-,2661,-,2661,2661,2661,2661,28,28,31,31,31,31,340,340,368,368,368
"분류식 (m)","우수관거",측구,합계,성북구,-,-,-,-,-,2661,-,-,-,-,6014,5914,5910,6116,5877,5833,5785,5748,5749,5741,5793
"분류식 (m)","우수관거",측구,합계,강북구,-,-,-,-,65,-,65,65,65,65,512,512,512,502,612,612,612,612,564,522,522
"분류식 (m)","우수관거",측구,합계,도봉구,-,-,-,-,210,65,210,210,210,210,1113,1357,1357,1357,1357,1357,1353,1353,1120,1083,1074
"분류식 (m)","우수관거",측구,합계,노원구,-,-,-,-,7122,210,7122,7122,7122,7122,538,319,852,1092,1226,1226,1226,1333,1333,1333,2729
"분류식 (m)","우수관거",측구,합계,은평구,-,-,-,-,-,7122,-,-,-,-,288,312,313,628,616,616,616,616,575,575,575
"분류식 (m)","우수관거",측구,합계,서대문구,-,-,-,-,-,-,-,-,-,-,2726,2286,2941,3956,3582,3582,3582,3582,3563,3563,3563
"분류식 (m)","우수관거",측구,합계,마포구,-,-,-,-,1098,-,1098,1098,1098,1098,532,1340,1946,1949,2005,2005,2005,1970,1905,1912,1886
"분류식 (m)","우수관거",측구,합계,양천구,-,-,-,-,1556,1098,1556,1556,1556,1556,1203,1203,1203,1486,1486,1486,1486,1486,1572,1572,1572
"분류식 (m)","우수관거",측구,합계,강서구,-,-,-,-,2376,1556,2376,2376,2376,2376,290,290,290,290,290,290,290,290,299,299,299
"분류식 (m)","우수관거",측구,합계,구로구,-,-,-,-,-,2376,-,-,-,-,3483,3483,3483,3508,4848,4848,4848,4848,4848,4848,4848
"분류식 (m)","우수관거",측구,합계,금천구,-,-,-,-,-,-,-,-,-,-,23,-,159,-,-,-,-,-,0,-,-
"분류식 (m)","우수관거",측구,합계,영등포구,-,-,-,-,-,-,-,-,-,-,15,15,15,15,15,15,15,15,15,15,1675
"분류식 (m)","우수관거",측구,합계,동작구,-,-,-,-,-,-,-,-,-,-,143,143,143,143,143,143,143,143,143,143,143
"분류식 (m)","우수관거",측구,합계,관악구,-,-,-,-,-,-,-,-,-,-,138,138,138,153,388,496,496,496,496,496,496
"분류식 (m)","우수관거",측구,합계,서초구,-,-,-,-,135,-,135,135,135,135,3111,3259,3181,4169,4731,6539,6542,6542,7212,7321,7090
"분류식 (m)","우수관거",측구,합계,강남구,-,-,-,-,-,135,-,-,-,-,5007,5262,5262,4785,4529,4529,4529,4529,4529,4529,3928
"분류식 (m)","우수관거",측구,합계,송파구,-,-,-,-,1110,-,1110,1110,1110,1110,10592,10538,10745,10744,11244,11244,11018,11018,11018,11017,11017
"분류식 (m)","우수관거",측구,합계,강동구,-,-,-,-,6470,1110,6475,6475,6475,6475,6997,6891,6684,6696,6696,6696,6708,6708,6708,6708,6708
"분류식 (m)","우수관거",측구,합계,중랑처리장,-,-,-,-,-,-,92659,43105,-,-,-,-,-,-,-,-,-,-,-,-,-
"분류식 (m)","우수관거",측구,합계,탄천처리장,-,-,-,-,-,-,25976,1030,-,-,-,-,-,-,-,-,-,-,-,-,-
"분류식 (m)","우수관거",측구,합계,서남처리장,-,-,-,-,-,-,69715,18698,-,-,-,-,-,-,-,-,-,-,-,-,-
"분류식 (m)","우수관거",측구,합계,난지처리장,-,-,-,-,-,-,76507,35985,-,-,-,-,-,-,-,-,-,-,-,-,-
"맨홀 (개소)","소계",소계,합계,소계,195464,196637,197836,200100,201082,204720,209644,205623,206092,206443,255771,259593,264736,268015,271028,271221,273264,274261,244145,281581,284499
"맨홀 (개소)","소계",소계,합계,종로구,-,-,-,-,8098,8103,8103,8120,8187,8190,9250,9074,9311,9485,9557,9487,9854,9843,9510,9899,9994
"맨홀 (개소)","소계",소계,합계,중구,-,-,-,-,4720,4720,4721,4727,4772,4779,7519,7536,7656,7708,7955,7913,7992,8049,7994,8242,8275
"맨홀 (개소)","소계",소계,합계,용산구,-,-,-,-,7275,7279,7318,7373,7466,7503,9270,9214,9404,9469,9543,9545,9691,9676,9431,9880,9898
"맨홀 (개소)","소계",소계,합계,성동구,-,-,-,-,5531,5559,5591,5640,5641,5644,8029,7900,8144,8160,8300,8269,8382,8403,8172,8620,8630
"맨홀 (개소)","소계",소계,합계,광진구,-,-,-,-,7261,7262,7266,7285,7306,7338,9286,9245,9501,9549,9618,9712,9849,9926,9938,10303,10350
"맨홀 (개소)","소계",소계,합계,동대문구,-,-,-,-,9442,9453,9487,9408,9310,9272,12070,11895,11843,11914,11936,11930,12038,11989,11715,12242,12329
"맨홀 (개소)","소계",소계,합계,중랑구,-,-,-,-,9268,9296,9325,9341,9360,9360,11536,11413,11556,11845,11913,11913,12074,12106,11557,12406,12510
"맨홀 (개소)","소계",소계,합계,성북구,-,-,-,-,9823,9809,9791,9729,9717,9767,13751,13811,13939,14115,14128,14134,14560,14595,13703,15170,15137
"맨홀 (개소)","소계",소계,합계,강북구,-,-,-,-,7021,7043,7108,7065,7139,7139,10156,9952,10287,10394,10422,10449,10720,10780,10518,11163,11177
"맨홀 (개소)","소계",소계,합계,도봉구,-,-,-,-,5822,5822,5822,5853,5881,5899,8177,8012,7973,8028,8098,8098,8682,8842,7687,9515,9539
"맨홀 (개소)","소계",소계,합계,노원구,-,-,-,-,11962,11966,12007,12025,12048,12048,9988,9656,9883,9994,10386,10386,10844,11031,8680,11455,11529
"맨홀 (개소)","소계",소계,합계,은평구,-,-,-,-,11309,11331,11342,11342,11385,11338,12207,12360,12986,13183,13199,13199,13302,13321,11270,13649,13605
"맨홀 (개소)","소계",소계,합계,서대문구,-,-,-,-,8138,8151,8142,8142,8167,8203,9283,9141,9064,8769,8881,8914,9188,9205,8366,9248,9229
"맨홀 (개소)","소계",소계,합계,마포구,-,-,-,-,9637,9644,9644,9658,9661,9695,11810,11849,11810,11830,11954,11954,12235,12311,10864,12390,12462
"맨홀 (개소)","소계",소계,합계,양천구,-,-,-,-,6539,6584,6624,6636,6652,6657,8653,8654,9221,9451,9527,9550,9746,9746,7957,9714,9773
"맨홀 (개소)","소계",소계,합계,강서구,-,-,-,-,8510,8625,8804,8859,8875,8910,11013,10972,11371,11449,12120,12166,12539,12566,9947,13369,13449
"맨홀 (개소)","소계",소계,합계,구로구,-,-,-,-,5552,5570,5581,5592,5604,5634,9491,9482,9697,10029,10016,10023,10370,10401,9755,10913,10973
"맨홀 (개소)","소계",소계,합계,금천구,-,-,-,-,4512,4519,4551,4551,4583,4589,5797,5805,5970,6135,6309,6309,6456,6484,5766,6543,6595
"맨홀 (개소)","소계",소계,합계,영등포구,-,-,-,-,8775,8817,8864,8900,8914,8921,12038,12158,12309,12396,12332,12332,12733,12771,12062,12711,12786
"맨홀 (개소)","소계",소계,합계,동작구,-,-,-,-,7046,7030,7061,7069,7084,7084,9629,9722,9701,9774,9796,9796,9925,9857,9443,10137,10143
"맨홀 (개소)","소계",소계,합계,관악구,-,-,-,-,8032,8046,8094,8094,8081,8135,10243,10276,10795,10963,10992,10996,11360,11369,11117,11613,11772
"맨홀 (개소)","소계",소계,합계,서초구,-,-,-,-,7600,7601,7636,7636,7681,7751,10485,10414,10670,11007,11257,11341,12090,12103,10270,12520,13231
"맨홀 (개소)","소계",소계,합계,강남구,-,-,-,-,9353,12626,12655,12655,12655,12664,13023,12979,13109,13658,13891,13910,14656,14753,11736,15170,16367
"맨홀 (개소)","소계",소계,합계,송파구,-,-,-,-,11240,11244,11244,11244,11244,11244,13238,13017,13134,13301,13379,13379,13810,13916,8471,14357,14346
"맨홀 (개소)","소계",소계,합계,강동구,-,-,-,-,8616,8620,8670,8679,8679,8679,9829,9832,9761,9769,9839,9891,10168,10218,8216,10352,10400
"맨홀 (개소)","소계",소계,합계,중랑처리장,-,-,-,-,-,-,1455,-,-,-,-,1980,1972,1967,1988,1425,-,-,-,-,-
"맨홀 (개소)","소계",소계,합계,탄천처리장,-,-,-,-,-,-,1245,-,-,-,-,1119,1273,1278,1266,1988,-,-,-,-,-
"맨홀 (개소)","소계",소계,합계,서남처리장,-,-,-,-,-,-,853,-,-,-,-,1219,1425,1425,1425,1211,-,-,-,-,-
"맨홀 (개소)","소계",소계,합계,난지처리장,-,-,-,-,-,-,640,-,-,-,-,906,971,970,1001,1001,-,-,-,-,-
"오수받이 (개소)","소계",소계,합계,소계,425708,438120,445315,449418,452217,458018,465152,475483,486767,488884,432176,444301,453917,475144,483822,483745,496602,498708,502101,540081,555205
"오수받이 (개소)","소계",소계,합계,종로구,-,-,-,-,10951,10951,10951,10951,10955,11090,13880,13916,15023,15575,15774,15590,16173,16183,16227,17212,17353
"오수받이 (개소)","소계",소계,합계,중구,-,-,-,-,7531,7531,7531,7535,7572,7721,13400,13474,13608,13601,15232,15075,15081,15020,14992,15715,15750
"오수받이 (개소)","소계",소계,합계,용산구,-,-,-,-,12182,12222,12276,12338,12483,12595,17530,17555,17895,18012,18004,17937,17930,17917,17692,18677,18668
"오수받이 (개소)","소계",소계,합계,성동구,-,-,-,-,10435,10495,10543,10633,10633,10618,11973,12023,14674,15023,15897,15847,15709,15726,16205,17046,17149
"오수받이 (개소)","소계",소계,합계,광진구,-,-,-,-,15431,15437,15480,22547,22596,22663,24291,24291,24846,24795,24904,25081,25056,25024,25193,25812,25865
"오수받이 (개소)","소계",소계,합계,동대문구,-,-,-,-,13897,13929,14092,14098,14025,14025,20406,20652,21125,21369,21469,21436,21550,21593,21647,23976,24580
"오수받이 (개소)","소계",소계,합계,중랑구,-,-,-,-,23360,23417,23534,23685,23731,23784,15770,16290,17152,18054,18281,18281,18433,18496,18864,20751,21982
"오수받이 (개소)","소계",소계,합계,성북구,-,-,-,-,25521,25503,25233,25023,25328,25428,19967,20997,21421,21963,22046,22052,22895,22957,22997,28036,27990
"오수받이 (개소)","소계",소계,합계,강북구,-,-,-,-,11421,11477,11632,11542,11686,11679,14439,14448,15575,15897,16012,16002,16190,16494,16464,19777,19809
"오수받이 (개소)","소계",소계,합계,도봉구,-,-,-,-,9884,9884,9926,10522,13635,13658,9634,10941,10974,11526,11691,11691,11876,12137,12382,17855,17856
"오수받이 (개소)","소계",소계,합계,노원구,-,-,-,-,20071,20077,20105,20150,20209,20209,13930,13918,14302,14553,14977,14977,15045,15656,15482,18296,18327
"오수받이 (개소)","소계",소계,합계,은평구,-,-,-,-,26933,26995,27027,27027,27146,27184,17290,17702,21566,22482,22653,22653,22789,22788,22948,24531,24422
"오수받이 (개소)","소계",소계,합계,서대문구,-,-,-,-,14265,14280,14281,14281,14281,14287,15151,15208,14844,14373,14492,14531,14644,14570,14606,16405,16445
"오수받이 (개소)","소계",소계,합계,마포구,-,-,-,-,17566,17567,17657,17665,17672,17767,21988,22418,23557,23600,23975,23975,23977,23990,23997,24882,25022
"오수받이 (개소)","소계",소계,합계,양천구,-,-,-,-,20634,20694,20828,20853,20886,20918,22534,22534,22969,22918,22998,23010,22848,22846,22674,22618,22759
"오수받이 (개소)","소계",소계,합계,강서구,-,-,-,-,21393,21630,22156,22226,28924,29086,15521,15537,17007,20556,21315,21426,22039,22087,24042,25247,25465
"오수받이 (개소)","소계",소계,합계,구로구,-,-,-,-,10913,10988,11019,11062,11096,11264,10469,10468,10865,13326,13482,13505,13792,13803,14145,15643,15755
"오수받이 (개소)","소계",소계,합계,금천구,-,-,-,-,13720,13724,13789,13799,13870,13883,7781,14501,8786,15289,15520,15520,15562,15583,15590,16156,16234
"오수받이 (개소)","소계",소계,합계,영등포구,-,-,-,-,21206,21238,21308,21372,21412,21437,15269,15531,16139,17002,17360,17360,17497,17594,17785,17977,18842
"오수받이 (개소)","소계",소계,합계,동작구,-,-,-,-,15860,15780,21088,21110,21135,21135,19099,19252,16944,17327,17517,17517,17511,17452,17485,18524,18605
"오수받이 (개소)","소계",소계,합계,관악구,-,-,-,-,23416,23459,23620,23653,23713,24003,21721,22485,23439,23839,24386,24407,24880,24909,23700,26260,26536
"오수받이 (개소)","소계",소계,합계,서초구,-,-,-,-,24648,24707,24813,24813,24955,25255,21209,21225,21867,22774,23538,23450,31477,31467,31338,31980,33090
"오수받이 (개소)","소계",소계,합계,강남구,-,-,-,-,30635,35580,35665,35665,35822,36023,21223,21234,21526,22571,22871,22870,23658,24321,24867,25519,35225
"오수받이 (개소)","소계",소계,합계,송파구,-,-,-,-,27951,28036,28114,30407,30476,30543,26508,26508,26690,27218,27664,27664,27834,27896,28492,28797,28900
"오수받이 (개소)","소계",소계,합계,강동구,-,-,-,-,22393,22417,22484,22526,22526,22629,21193,21193,21123,21501,21764,21888,22156,22199,22287,22389,22576
"토실·토구 (개소)","소계",소계,합계,소계,1305,1310,1310,1310,1326,1326,1326,1326,1326,1326,2571,3743,4002,3972,3965,3967,3994,3997,3957,3848,3847
"토실·토구 (개소)","소계",소계,합계,종로구,-,-,-,-,-,-,-,-,-,-,-,107,101,101,100,100,165,165,165,165,160
"토실·토구 (개소)","소계",소계,합계,중구,-,-,-,-,-,-,-,-,-,-,37,30,30,30,28,28,45,45,45,45,45
"토실·토구 (개소)","소계",소계,합계,용산구,-,-,-,-,-,-,-,-,-,-,26,86,94,93,91,91,121,121,124,124,124
"토실·토구 (개소)","소계",소계,합계,성동구,-,-,-,-,-,-,-,-,-,-,19,98,104,104,103,103,128,126,130,130,130
"토실·토구 (개소)","소계",소계,합계,광진구,-,-,-,-,-,-,-,-,-,-,10,33,40,40,40,40,49,52,51,51,51
"토실·토구 (개소)","소계",소계,합계,동대문구,-,-,-,-,-,-,-,-,-,-,-,72,70,69,69,69,123,122,123,109,107
"토실·토구 (개소)","소계",소계,합계,중랑구,-,-,-,-,-,-,-,-,-,-,-,52,61,61,61,61,73,74,71,71,69
"토실·토구 (개소)","소계",소계,합계,성북구,-,-,-,-,-,-,-,-,-,-,-,177,178,174,182,182,358,358,358,344,343
"토실·토구 (개소)","소계",소계,합계,강북구,-,-,-,-,-,-,-,-,-,-,165,64,64,64,64,64,166,165,162,155,155
"토실·토구 (개소)","소계",소계,합계,도봉구,-,-,-,-,-,-,-,-,-,-,-,218,189,187,217,217,463,464,454,392,395
"토실·토구 (개소)","소계",소계,합계,노원구,-,-,-,-,-,-,-,-,-,-,-,124,134,134,134,134,241,240,236,235,240
"토실·토구 (개소)","소계",소계,합계,은평구,-,-,-,-,-,-,-,-,-,-,256,80,92,93,87,87,111,111,111,108,108
"토실·토구 (개소)","소계",소계,합계,서대문구,-,-,-,-,-,-,-,-,-,-,342,201,190,190,185,185,362,362,328,328,328
"토실·토구 (개소)","소계",소계,합계,마포구,-,-,-,-,-,-,-,-,-,-,-,110,108,108,107,107,146,146,146,141,141
"토실·토구 (개소)","소계",소계,합계,양천구,-,-,-,-,-,-,-,-,-,-,11,19,18,18,18,18,24,24,24,24,24
"토실·토구 (개소)","소계",소계,합계,강서구,-,-,-,-,-,-,-,-,-,-,-,82,81,83,82,83,98,98,96,94,94
"토실·토구 (개소)","소계",소계,합계,구로구,-,-,-,-,-,-,-,-,-,-,118,116,115,92,92,93,110,109,110,108,108
"토실·토구 (개소)","소계",소계,합계,금천구,-,-,-,-,-,-,-,-,-,-,-,41,37,36,35,35,44,44,44,44,44
"토실·토구 (개소)","소계",소계,합계,영등포구,-,-,-,-,-,-,-,-,-,-,-,110,104,104,100,100,119,119,119,120,119
"토실·토구 (개소)","소계",소계,합계,동작구,-,-,-,-,-,-,-,-,-,-,-,42,37,38,38,38,45,45,45,43,43
"토실·토구 (개소)","소계",소계,합계,관악구,-,-,-,-,-,-,-,-,-,-,-,183,154,155,157,157,273,273,273,272,275
"토실·토구 (개소)","소계",소계,합계,서초구,-,-,-,-,-,-,-,-,-,-,242,226,231,233,246,245,311,315,315,318,318
"토실·토구 (개소)","소계",소계,합계,강남구,-,-,-,-,-,-,-,-,-,-,-,114,107,111,107,108,154,154,155,155,155
"토실·토구 (개소)","소계",소계,합계,송파구,-,-,-,-,-,-,-,-,-,-,-,131,131,132,132,132,166,166,172,172,172
"토실·토구 (개소)","소계",소계,합계,강동구,-,-,-,-,-,-,-,-,-,-,9,86,92,91,91,91,99,99,100,100,99
"토실·토구 (개소)","소계",소계,합계,중랑처리장,-,-,-,-,757,757,757,757,757,757,608,569,800,793,764,202,-,-,-,-,-
"토실·토구 (개소)","소계",소계,합계,탄천처리장,-,-,-,-,130,130,130,130,130,130,194,115,119,116,115,764,-,-,-,-,-
"토실·토구 (개소)","소계",소계,합계,서남처리장,-,-,-,-,191,191,191,191,191,191,252,203,203,203,202,115,-,-,-,-,-
"토실·토구 (개소)","소계",소계,합계,난지처리장,-,-,-,-,248,248,248,248,248,248,282,254,318,319,318,318,-,-,-,-,-
